"","L0107","L0111","L0227","L0245","L0256","L0393","L0422","L0494","L0496","L0554","L0667","L0670","L0678","L0688","L0689","L0694","L0696","L0702","L0703","L0704","L0706","L0707","L0708","L0709","L0711","L0712","L0713","L0872","L0879","L1015","L1040","L1114","L1127","L1208","L1241","L1243","L1432","L1434","L1435","L1528","L1529","L1663","L1721","L1739","L1821","L1837","L1853","L1854","L1858","L1918","L2146","L2183","L2197","L2225","L2260","L2480","L2484","L2488","L2855","L2857","L2858","L2859","L2881","L2892","L2894","L2955","L2982","L2983","L2996","L3006","L3083","L3088","L3090","L3120","L3122","L3123","L3124","L3197","L3207","L3208","L3209","L3210","L3212","L3213","L3216","L3217","L3218","L3220","L3221","L3222","L3223","L3225","L3287","L3340","L3351","L3364","L3365","L3382","L3450","L3476","L3477","L3480","L3500","L3536","L3578","L3593","L3595","L3618","L3702","L3705","L3721","L3726","L3882","L3891","L3892","L3893","L3896","L3925","L3932","L3933","L3977","L3980","L4005","L4028","L4029","L4032","L4035","L4036","L4059","L4110","L4128","L4220","L4221","L4225","L4226","L4230","L4295","L4351","L4384","L4421","L4543","L4547","L4600","L4610","L4700","L4871","L4872","L4906","L4907","L4910","L4911","L4918","L4919","L5313","L5320","L5323","L5329","L5330","L5344","L5354","L5454","L5460","L5461","L5463","L5464","L5465","L5604","L5608","L5692","L5728","L5731","L5732","L5733","L5734","L5749","L5754","L5775","L5778","L5782","L5806","L5807","L5808","L5809","L5811","L5812","L5827","L5940","L6029","L6033","L6035","L6036","L6038","L6077","L6078","L6079","L6080","L6081","L6082","L6120","L6121","L6122","L6123","L6124","L6125","L6220","L6316","L6412","L6414","L6497","L6498","L6499","L6500","L6502","L6504","L6506","L6509","L6598","L6641","L6643","L6701","L6703","L6753","L6778","L6779","L6780","L6785","L6795","L6796","L6880","L6881","L6882","L6883","L6884","L6885","L6900","L6902","L6960","L6961","L6962","L6963","L6964","L6965","L6966","L6967","L6968","L6969","L6971","L6972","L6973","L6982","L7111","L7113","L7114","L7115","L7116","L7123","L7124","L7125","L7138","L7183","L7204","L7206","L7305","L7307","L7382","L7383","L7387","L7388","L7391","L7395","L7399","L7400","L7401","L7402","L7403","L7404","L7414","L7416","L7417","L7550","L7551","L7554","L7555","L7582","L7583","L7584","L7585","L7586","L7587","L7588","L7589","L7590","L7591","L7592","L7593","L7594","L7595","L7596","L7597","L7598","L7599","L7600","L7601","L7602","L7608","L7644","L7676","L7689","L7705","L7727"
"RAP0634_monticola_B",1,0.5,1,1,1,0.5,1,NA,1,1,1,1,1,1,1,1,1,1,1,1,1,1,1,1,1,1,1,0.5,1,1,1,1,1,1,0.5,1,1,1,1,1,1,1,1,1,1,1,1,1,1,0.5,1,1,1,1,1,1,1,1,1,1,1,1,1,1,1,1,1,1,1,1,1,1,1,1,1,1,1,1,1,1,1,1,1,1,1,1,1,1,1,1,1,1,1,1,1,1,1,1,1,1,1,1,1,1,1,1,1,1,0.5,1,1,1,1,1,1,1,1,NA,1,1,1,1,1,1,1,1,1,1,1,NA,1,1,1,1,1,1,1,1,0.5,1,1,1,1,1,1,1,1,1,1,1,1,1,1,1,1,1,1,1,1,1,1,1,1,1,1,1,0.5,1,NA,1,1,1,1,1,0.5,0.5,NA,1,1,1,0.5,0.5,0.5,1,1,1,1,1,1,1,1,1,1,1,1,1,1,1,1,1,1,1,1,1,1,1,1,1,1,1,1,1,1,1,1,1,1,1,1,1,1,1,1,1,1,1,1,1,1,1,1,1,1,1,1,1,1,1,1,1,1,1,1,1,1,1,1,1,1,1,1,1,1,1,1,1,1,1,1,1,1,1,1,1,1,1,1,1,1,1,1,1,1,1,1,1,1,1,1,1,0.5,1,0.5,1,1,1,1,1,1,1,1,1,1,1,1,1,1,1,1,1,1,1,1,1,1,1,1,0.5,1,1
"RAP0641_monticola_B",1,0.5,1,1,0.5,0.5,0.5,0.5,1,1,1,1,0,1,1,1,1,1,1,1,1,1,1,1,1,1,1,0.5,1,1,1,1,1,NA,0,1,1,1,1,1,1,1,1,1,1,1,1,1,1,1,1,1,1,NA,1,1,1,1,1,1,1,1,1,1,1,1,NA,NA,NA,NA,1,1,1,1,1,1,1,1,1,1,1,1,1,1,1,1,1,1,1,1,1,1,1,0.5,1,1,1,1,NA,1,1,1,1,1,1,1,1,1,0.5,1,1,1,1,1,1,1,1,1,1,1,1,1,1,NA,1,1,NA,1,1,1,NA,1,1,1,1,1,1,1,1,1,1,1,1,1,1,1,1,1,1,1,1,1,1,1,1,1,1,1,1,1,1,1,1,1,1,1,0,1,1,1,1,1,1,1,0,0,1,1,1,1,0.5,0.5,0.5,1,1,1,1,1,1,1,1,NA,1,1,1,1,1,1,1,1,1,1,1,1,1,1,1,1,1,1,1,1,1,1,1,1,1,1,1,1,1,1,1,0.5,0.5,0.5,1,1,1,1,1,1,1,1,1,1,1,1,1,1,1,1,1,1,1,1,1,1,1,1,1,1,1,1,1,1,1,1,1,1,1,1,1,1,1,1,1,1,1,1,1,1,1,1,1,1,1,1,1,1,0,1,0.5,1,1,1,1,1,1,0,1,1,1,1,1,1,1,1,1,1,1,1,1,1,0,1,1,0.5,1,1
"RAP0656_monticola_A",1,0.5,1,1,0.5,NA,1,1,1,0,0.5,0.5,1,1,1,1,1,1,1,1,1,1,1,1,1,1,1,0,1,1,1,0.5,0.5,1,1,NA,1,1,1,1,1,1,1,1,1,NA,1,1,1,1,1,1,1,NA,1,1,1,1,1,1,1,1,1,1,1,1,1,1,1,1,NA,NA,NA,1,1,1,1,1,1,1,0.5,1,1,1,1,1,0.5,0.5,0.5,0.5,0.5,1,1,1,NA,NA,NA,NA,1,1,1,1,1,1,1,0.5,1,1,NA,1,1,1,1,1,1,1,1,0.5,1,1,1,1,1,0.5,1,1,0.5,1,1,1,1,1,1,1,1,1,1,1,1,1,1,1,1,1,1,1,1,1,1,1,1,1,0.5,1,1,1,1,1,1,1,1,1,1,1,1,1,0,1,1,0.5,1,1,1,1,1,1,0.5,0.5,1,1,0.5,0.5,0.5,1,1,1,1,0.5,1,0.5,0.5,0.5,1,1,1,1,1,1,1,1,1,1,1,1,1,1,1,1,1,1,1,1,1,1,1,1,1,1,1,1,1,1,1,0.5,0.5,0.5,1,1,1,1,1,1,1,1,1,1,1,1,1,1,1,1,1,1,1,1,1,1,1,1,1,1,1,1,1,1,1,1,1,1,1,1,1,1,1,1,1,1,0.5,0.5,0.5,0.5,0.5,0.5,1,0.5,0,0,0,1,1,1,0,1,1,1,0,1,1,1,0,1,1,1,1,1,1,1,1,1,1,1,1,1,1,1,1,1,0.5,1
"RAP0673_monticola_B",1,0.5,1,1,NA,0.5,1,1,1,NA,1,1,1,1,1,1,1,1,1,1,1,1,1,1,1,1,1,0.5,0.5,1,1,1,1,1,1,1,1,1,1,1,1,1,1,1,1,1,1,1,1,1,1,1,1,NA,1,1,1,1,1,1,1,1,1,1,1,1,NA,NA,1,1,1,1,1,1,1,1,1,1,1,1,0,1,1,1,1,1,0,0,0,0,0,1,1,1,1,1,1,1,1,1,1,1,1,1,1,0.5,1,1,0.5,1,1,1,1,1,1,1,1,1,1,1,1,1,1,0.5,1,1,0.5,1,1,1,1,1,1,1,1,1,1,1,0.5,0.5,1,1,1,1,1,1,1,1,1,1,1,1,1,1,1,1,1,1,1,1,1,1,1,1,1,1,0,1,1,1,1,1,1,1,0.5,0.5,0.5,0.5,1,1,0.5,0.5,0.5,1,1,1,1,1,1,1,1,0.5,1,1,1,1,1,1,1,1,1,1,1,1,1,1,1,1,1,1,1,1,1,1,1,1,1,1,1,1,1,0.5,1,1,1,1,1,1,1,1,1,1,1,1,1,1,1,1,1,1,1,1,1,1,1,1,1,1,1,1,1,1,1,1,1,1,1,1,NA,1,1,1,1,1,1,1,1,1,NA,NA,NA,NA,NA,NA,NA,NA,1,1,1,1,1,1,0,1,1,1,1,1,1,1,1,1,1,1,1,1,1,1,1,1,1,1,1,1,1,1,1,1,1,1
"RAP0679_monticola_A",1,0.5,1,1,NA,1,0.5,1,1,0,0,0.5,0,1,1,1,1,1,1,1,1,1,1,1,1,1,1,0,NA,1,1,0,0,NA,1,1,1,1,1,1,1,1,NA,1,NA,NA,1,1,1,1,1,1,1,0.5,1,1,1,1,NA,NA,NA,NA,1,1,1,NA,1,1,1,1,1,1,1,NA,NA,NA,NA,1,1,1,0.5,1,1,1,1,1,0.5,0.5,0.5,0.5,0.5,1,1,0.5,1,1,1,0,1,1,1,1,NA,1,1,0.5,1,1,0.5,1,1,1,NA,1,1,1,1,0,1,1,1,1,NA,1,1,1,1,1,1,1,1,0.5,1,NA,1,0.5,1,1,0.5,1,1,1,1,1,1,1,1,1,1,1,1,1,NA,1,1,1,1,1,1,1,1,1,1,1,1,1,0,1,NA,NA,1,1,1,1,1,1,0.5,0.5,1,1,0.5,0.5,0,1,1,1,1,NA,1,0,0,1,NA,NA,NA,NA,NA,NA,1,1,1,1,1,1,1,1,1,1,1,1,1,1,1,1,1,1,NA,1,1,1,1,1,1,0.5,0.5,0.5,1,1,1,1,1,1,1,1,1,1,1,1,1,1,1,1,1,1,1,1,0.5,1,1,1,1,1,1,1,1,1,1,1,NA,1,1,1,1,1,1,1,1,1,0,0,0,0,0,0,1,0,1,1,1,1,1,1,0,1,1,0,0,1,1,1,0,1,1,1,1,1,1,1,1,1,1,1,1,1,1,1,NA,1,1,1
"RAP0686_monticola_B",1,0,1,1,NA,NA,1,1,1,NA,1,1,0,1,1,1,1,1,1,1,1,1,1,1,1,1,1,0.5,1,1,1,1,1,1,0.5,NA,1,1,1,1,1,1,1,1,1,1,1,1,1,NA,1,1,1,NA,0.5,1,1,1,NA,NA,NA,NA,1,1,1,1,NA,NA,1,1,1,1,1,1,1,1,1,1,1,1,0,1,1,1,1,1,0,0,0,0,0,1,NA,1,1,1,1,0.5,NA,1,1,1,1,1,1,0.5,1,1,0.5,NA,1,1,1,1,1,1,1,1,NA,NA,1,1,1,1,1,1,1,1,NA,NA,1,1,1,1,1,1,1,1,1,0.5,1,1,1,1,1,1,1,1,1,1,1,1,1,1,1,1,1,1,NA,NA,1,1,1,1,1,1,0,1,1,1,1,1,1,1,0.5,0.5,0.5,0.5,1,1,0.5,0.5,0,1,1,1,NA,1,1,1,1,0.5,1,1,1,1,1,1,1,1,1,1,1,1,1,1,1,1,1,1,1,1,1,1,1,1,1,1,1,1,1,NA,1,1,1,1,1,1,1,1,1,1,1,1,NA,NA,1,1,1,1,1,1,1,1,1,1,1,1,1,1,1,1,1,1,1,1,1,1,NA,1,NA,NA,1,1,1,1,1,1,1,1,1,1,NA,1,1,1,1,1,1,1,0.5,1,0.5,1,1,1,1,1,1,1,1,1,1,1,1,1,1,1,1,1,1,1,1,1,1,1,1,1,1,NA
"RAP0707_monticola_A",0,1,NA,NA,NA,1,NA,0.5,0.5,NA,0,1,0.5,0,0,0,0,0,0,0,0,0,0,0,0,0,0,0,1,NA,NA,0,0.5,NA,1,1,NA,NA,NA,1,1,1,1,1,0,NA,NA,NA,NA,0,1,NA,NA,NA,1,1,1,0,0,0,0,1,NA,NA,NA,1,1,1,0.5,0.5,NA,NA,NA,NA,NA,NA,NA,0.5,1,0,0,1,0,1,1,0,1,1,1,1,1,0,0.5,0,0,1,0,0.5,1,1,1,1,NA,1,0.5,0,1,1,0,NA,NA,NA,0.5,0,0,1,0,0.5,0,0,0.5,0.5,1,0,0,0.5,0,0.5,NA,NA,0,NA,NA,NA,NA,NA,NA,NA,1,0,1,1,0,NA,1,1,1,1,1,1,0,0,1,0,0,1,0,0,0,1,0,0,0,0,0,0,NA,NA,NA,0.5,1,1,1,0,NA,NA,0,0,1,1,0,0,0,1,1,0.5,NA,1,1,0,0,1,NA,1,1,1,1,1,1,1,0,1,1,0,NA,NA,1,1,0,0,0,0,1,1,0,0,0,NA,NA,NA,NA,1,NA,NA,NA,NA,NA,0.5,1,1,1,1,1,1,0.5,0.5,0,0,0,0,0,0,0,0,0,0,0,0,0,0,0,0,0,1,1,0,1,1,NA,NA,1,1,0.5,1,NA,NA,NA,NA,0,1,0,0,0,0,1,0,1,1,1,1,0,1,0,1,1,1,0,1,1,1,0,1,1,1,0,1,1,1,1,1,1,1,1,1,1,1,1,NA,1,0
"RAP0713_monticola_B",1,0.5,NA,NA,1,NA,0.5,0.5,0.5,1,1,1,0,1,1,1,1,1,1,1,1,1,1,1,1,1,1,0.5,0.5,1,1,1,1,NA,0,NA,1,1,1,1,1,1,1,NA,NA,1,1,0.5,1,NA,NA,1,1,1,0.5,1,1,1,NA,NA,NA,NA,1,1,1,1,NA,NA,0.5,0.5,1,1,1,1,1,1,1,1,1,1,1,1,1,1,1,1,1,1,1,1,1,1,1,0.5,1,1,1,0.5,1,1,1,1,1,1,1,1,1,NA,1,1,1,1,1,1,1,1,1,1,1,1,1,1,1,1,1,1,1,1,1,1,1,1,1,1,1,1,1,1,0,1,1,1,1,NA,1,1,1,1,1,1,1,1,1,1,1,1,1,1,NA,NA,1,1,1,1,1,1,0,NA,1,NA,1,1,1,1,0,0,0.5,0.5,1,1,0.5,0.5,0.5,1,1,1,1,1,1,1,1,1,NA,1,1,1,1,1,1,1,1,1,1,1,1,1,1,1,1,1,1,1,1,1,1,1,1,1,1,1,1,1,1,NA,NA,NA,1,1,1,1,1,1,1,1,1,1,1,1,1,1,1,1,1,1,1,1,1,1,1,1,1,1,1,1,1,1,1,1,1,1,1,1,1,1,1,1,1,1,1,1,1,1,1,1,1,1,1,1,1,1,0,1,0.5,NA,NA,NA,NA,NA,NA,NA,NA,NA,NA,NA,NA,NA,NA,NA,NA,NA,NA,NA,NA,NA,1,NA,1,1,1,1
"RAP0719_monticola_B",0.5,0.5,1,1,NA,0.5,0.5,0.5,1,1,1,1,0,1,1,1,1,1,1,1,1,1,1,1,1,1,1,NA,NA,1,1,1,1,1,0,1,1,1,1,1,1,1,1,1,1,1,1,1,1,0.5,1,1,NA,1,1,1,1,1,1,1,1,1,1,1,1,NA,1,1,NA,NA,1,1,1,1,1,1,1,1,1,1,1,1,1,1,1,1,1,1,1,1,1,1,1,0.5,1,1,1,1,NA,1,1,1,1,1,1,1,1,1,0.5,1,1,1,1,1,1,1,1,NA,1,1,1,1,1,1,1,1,1,1,1,1,0.5,1,1,1,1,1,1,1,1,1,1,1,1,1,1,1,1,1,1,1,1,1,1,NA,NA,NA,1,1,1,1,1,1,1,1,1,1,0,1,1,1,1,1,1,1,0,0,1,1,1,1,0.5,0.5,0.5,1,1,1,1,1,1,1,1,1,1,1,1,1,1,1,1,1,1,1,1,1,1,1,1,1,1,1,1,1,1,1,1,1,1,1,1,1,1,1,1,NA,NA,NA,1,1,1,1,1,1,1,1,1,1,1,1,1,1,1,1,1,1,1,1,1,1,1,1,1,1,1,1,1,1,1,1,1,1,1,1,1,1,1,1,1,1,1,0.5,1,1,1,1,1,1,1,1,1,1,0,1,0.5,1,1,1,1,1,1,1,1,1,1,1,1,1,1,1,1,1,1,1,1,1,1,1,1,1,1,1
"RAP0731_monticola_B",1,0.5,1,1,0.5,0.5,0.5,1,1,1,1,1,0,1,1,1,1,1,1,1,1,1,1,1,1,1,1,NA,1,1,1,1,1,0.5,0.5,1,1,1,1,1,1,1,1,1,1,1,1,1,1,1,1,1,1,1,1,1,1,1,1,1,1,1,1,1,1,1,1,1,1,1,1,1,1,1,1,1,1,1,1,1,1,1,1,1,1,1,1,1,1,1,1,1,1,1,1,1,1,1,1,1,1,1,1,1,1,1,1,1,0.5,1,1,1,1,1,1,1,1,1,1,1,1,1,1,NA,1,1,NA,1,1,NA,0.5,1,1,1,1,1,1,1,0.5,1,NA,NA,1,1,1,1,1,1,1,1,1,1,1,1,NA,1,1,1,1,NA,1,1,1,1,1,1,0,1,1,1,1,1,1,1,1,1,1,1,1,1,0.5,0.5,0.5,1,1,1,1,1,1,1,1,1,1,1,1,1,1,1,1,1,1,1,1,1,1,1,1,1,1,1,1,1,1,1,1,1,1,1,1,1,1,1,1,1,1,1,1,1,1,1,1,1,1,1,1,1,1,1,1,1,1,1,1,1,1,1,1,1,1,1,1,1,1,1,1,1,1,1,1,1,1,1,1,1,1,1,1,1,1,1,1,1,1,1,1,1,1,1,1,1,0.5,1,0.5,1,1,1,1,1,1,1,1,1,1,1,1,1,1,1,1,1,1,1,1,1,1,1,1,0.5,1,1
"RAP0764_monticola_B",0.5,0.5,NA,1,0.5,0.5,0.5,0.5,0.5,1,1,1,0,1,1,1,1,1,1,1,1,1,1,1,1,1,1,0.5,1,NA,1,1,1,1,0.5,1,1,1,1,1,1,1,1,1,1,1,1,1,1,1,1,1,1,NA,1,1,1,1,1,1,1,1,1,1,1,1,1,1,1,1,1,1,1,1,1,1,1,1,1,1,1,1,1,1,1,1,1,1,1,1,1,1,1,1,NA,NA,NA,NA,1,1,1,1,1,1,1,1,1,1,1,1,1,1,NA,1,1,1,1,1,1,1,1,1,1,0.5,1,1,0.5,1,1,1,NA,1,1,1,1,1,1,1,0.5,1,NA,NA,1,1,1,1,1,1,1,1,1,1,1,1,1,1,1,1,1,1,1,1,1,1,1,1,0,1,1,1,1,1,1,1,0,0,0.5,0.5,1,1,0,0,0,1,1,1,1,1,1,1,1,1,1,1,1,1,1,1,1,1,1,1,1,1,1,1,1,1,1,1,1,1,1,1,1,1,1,1,1,1,1,1,1,1,1,1,1,1,1,1,1,1,1,1,1,1,1,1,1,1,1,1,1,1,1,1,1,1,1,1,1,1,1,1,1,1,1,1,1,NA,1,1,1,1,1,1,1,1,1,0.5,1,1,1,1,1,1,1,1,1,1,0.5,1,0.5,1,1,1,1,1,1,1,1,1,1,1,1,1,1,1,1,1,1,1,1,1,1,1,1,NA,1,1
"RAP0771_monticola_B",1,1,1,1,1,0.5,0.5,1,1,1,1,1,0,1,1,1,1,1,1,1,1,1,1,1,1,1,1,0.5,1,1,1,1,1,1,0,1,1,1,1,1,1,1,1,1,1,1,1,1,1,1,1,1,1,NA,1,1,1,1,1,1,1,1,1,1,1,1,NA,NA,1,1,1,1,1,1,1,1,1,1,1,1,1,1,1,1,1,1,1,1,1,1,1,1,1,1,NA,NA,NA,NA,NA,1,1,1,NA,1,1,1,1,1,0.5,1,1,1,1,1,1,1,1,1,1,1,1,1,1,1,1,1,1,1,NA,1,1,1,1,1,1,1,1,1,0.5,1,1,0.5,1,1,1,1,1,1,1,1,1,1,1,1,1,1,1,1,NA,NA,1,1,1,1,1,1,NA,1,1,1,1,1,1,1,NA,NA,0.5,0.5,1,1,0.5,0.5,0.5,1,1,1,1,1,1,1,1,1,1,1,1,1,1,1,1,1,1,1,1,1,1,1,1,1,1,1,1,1,1,1,1,1,1,1,1,1,1,NA,1,1,1,1,1,1,1,1,1,1,1,1,1,1,1,1,1,1,1,1,1,1,1,1,1,1,1,1,1,1,1,1,1,1,1,1,1,1,1,1,1,1,1,1,1,1,1,1,1,1,1,1,1,1,1,1,1,1,0,1,0.5,1,1,1,1,1,1,1,1,1,1,1,1,1,1,1,1,1,1,1,1,1,NA,1,1,NA,1,1
"RAP0781_monticola_B",1,1,1,1,0.5,0.5,1,0.5,0.5,1,1,1,0,1,1,1,1,1,1,1,1,1,1,1,1,1,1,0.5,1,1,1,1,1,1,1,NA,1,1,1,1,1,1,1,1,1,1,1,1,1,1,1,1,1,1,1,1,1,1,1,1,1,1,1,1,1,1,1,1,1,1,1,1,1,1,1,1,1,1,1,1,1,1,1,1,1,1,1,1,1,1,1,1,1,1,1,1,1,1,1,1,1,1,1,1,1,1,1,1,1,1,1,1,1,NA,NA,NA,NA,1,1,1,1,1,1,1,1,1,1,1,1,1,1,1,1,1,1,1,1,1,1,1,1,1,1,1,1,1,1,1,1,1,1,1,1,NA,NA,NA,1,1,1,0,1,1,1,1,1,1,0,1,1,1,1,1,1,1,0.5,0.5,1,1,1,1,0.5,0.5,0.5,1,1,1,1,1,1,1,1,1,1,1,1,1,1,1,1,1,1,1,1,1,1,1,1,1,1,1,1,1,1,1,1,1,1,1,1,1,1,1,1,1,1,1,1,1,1,1,1,1,1,1,1,1,1,1,1,1,1,1,1,1,1,1,1,1,1,1,NA,NA,NA,NA,NA,NA,NA,NA,1,1,1,1,1,1,1,1,1,1,1,1,1,1,1,1,1,1,1,1,1,1,0.5,1,NA,1,1,1,1,1,1,1,1,1,1,1,1,1,1,1,1,1,1,1,1,1,NA,1,1,0,1,1
"RAP0797_monticola_B",0.5,1,1,1,0.5,0.5,0.5,0.5,0.5,1,1,1,1,1,1,1,1,1,1,1,1,1,1,1,1,1,1,0.5,1,1,1,1,1,0.5,1,NA,1,1,1,1,1,1,1,1,1,1,1,1,1,1,1,1,1,0,1,1,1,1,1,1,1,1,1,1,1,1,1,1,1,1,1,1,1,1,1,1,1,1,1,1,1,1,1,1,1,1,1,1,1,1,1,1,1,0.5,1,1,1,1,1,1,1,1,1,1,1,1,1,1,0.5,1,1,1,1,1,1,1,1,1,1,1,1,1,1,1,1,1,1,1,1,NA,1,1,1,1,1,1,1,1,0.5,1,1,1,1,1,1,1,1,1,1,1,1,1,1,1,1,1,1,1,1,1,1,1,1,1,1,1,0,1,1,1,1,1,1,1,1,1,0.5,0.5,1,1,0.5,0.5,0.5,1,1,1,1,1,1,1,1,0.5,1,1,1,1,1,1,1,1,1,1,1,1,1,1,1,1,NA,NA,NA,NA,NA,NA,NA,NA,1,1,1,NA,1,1,1,1,1,1,1,1,1,1,1,1,1,1,1,1,1,1,1,1,1,1,1,1,1,1,1,1,1,1,1,1,1,1,1,1,1,1,1,1,1,1,1,1,1,1,1,1,1,0.5,1,1,1,1,1,1,1,1,1,1,0.5,1,0.5,1,1,1,1,1,1,1,1,1,1,1,1,1,1,1,1,1,1,1,1,1,1,1,1,1,1,1
"RAP0807_monticola_B",1,0.5,1,1,0.5,0.5,0.5,1,1,NA,1,1,0,1,1,1,1,1,1,1,1,1,1,1,1,1,1,0.5,0.5,1,1,1,1,0,1,0.5,1,1,1,1,1,1,1,1,NA,NA,1,1,1,1,1,1,1,NA,1,1,1,1,1,1,1,1,1,1,1,NA,1,1,1,1,1,1,1,1,1,1,1,1,1,1,1,1,1,1,1,1,1,1,1,1,1,1,1,0.5,1,1,1,1,1,1,1,1,1,1,1,1,1,1,0.5,1,1,1,1,1,1,1,1,1,1,1,1,1,1,NA,1,1,NA,1,1,1,1,1,1,1,1,1,1,1,1,1,1,1,1,1,1,1,1,1,1,1,1,1,1,1,1,1,1,1,1,0.5,1,1,1,1,1,1,0,1,1,1,1,1,1,1,1,1,1,1,1,1,0.5,0.5,0.5,1,1,1,1,1,1,1,1,1,1,1,1,1,1,1,NA,NA,NA,NA,NA,NA,1,1,1,1,1,1,1,1,1,1,1,1,1,1,1,1,1,1,1,NA,NA,NA,1,1,1,1,1,1,1,1,1,1,1,1,1,1,1,1,1,1,1,1,1,1,1,1,1,1,1,1,1,1,1,1,1,1,1,1,1,1,1,1,1,1,NA,NA,NA,NA,NA,NA,NA,NA,NA,NA,NA,NA,NA,NA,NA,1,1,1,1,1,1,1,1,1,1,1,1,1,1,1,1,1,1,1,1,1,1,1,1,1,1,1
"RAP0826_monticola_B",1,0.5,1,1,0.5,NA,1,1,1,NA,1,1,0.5,1,1,1,1,1,1,1,1,1,1,1,1,1,1,0,1,1,1,1,1,NA,1,1,1,1,1,1,1,1,1,1,1,1,1,1,1,1,1,1,1,1,1,1,1,1,1,1,1,1,1,1,1,NA,1,1,0.5,0.5,1,1,1,1,1,1,1,1,1,1,1,1,1,1,1,1,1,1,1,1,1,1,1,1,1,1,1,1,NA,1,1,1,1,1,1,1,1,1,0.5,1,1,1,1,1,1,1,1,1,1,1,1,1,1,1,1,1,1,1,1,1,1,1,1,1,1,1,1,1,1,NA,1,0.5,1,1,1,1,1,1,1,1,1,1,1,1,1,1,1,1,1,1,NA,NA,NA,NA,NA,NA,0,1,1,1,1,1,1,1,0,0,0.5,0.5,1,1,1,1,1,1,1,1,1,1,NA,1,1,0.5,1,1,1,1,1,1,1,1,1,1,1,1,1,1,1,1,1,1,1,1,1,1,1,1,1,1,1,NA,NA,1,1,0.5,0.5,0.5,1,1,1,1,1,1,1,1,1,1,NA,NA,NA,NA,NA,NA,NA,NA,NA,NA,NA,NA,NA,NA,1,1,1,1,1,1,1,1,1,1,1,1,1,1,1,1,1,1,NA,NA,NA,NA,NA,NA,NA,NA,1,1,1,1,1,1,0,1,1,1,1,1,1,1,1,1,1,1,1,1,1,1,1,1,1,1,1,1,1,1,1,1,1,1
"RAP0837_monticola_B",1,NA,1,1,NA,0.5,1,0.5,1,1,1,1,0.5,1,1,1,1,1,1,1,1,1,1,1,1,1,1,0,0.5,1,1,1,1,NA,1,1,1,1,1,1,1,1,1,1,1,1,1,1,1,1,1,1,1,1,1,1,1,1,1,1,1,1,1,1,1,NA,1,1,NA,NA,1,1,1,1,1,1,1,1,1,1,1,1,1,1,1,1,1,1,1,1,1,1,1,1,1,1,1,0.5,1,1,1,1,1,1,1,1,1,1,0.5,1,1,1,NA,1,1,1,1,1,1,1,1,1,1,1,1,1,1,1,1,1,1,1,1,1,1,1,1,1,NA,1,1,1,1,1,1,NA,NA,1,1,1,1,1,1,1,1,1,1,1,NA,NA,NA,NA,NA,NA,NA,NA,0,NA,1,0.5,1,1,1,1,0,0,0.5,0.5,1,1,0.5,0.5,0.5,1,1,1,NA,1,1,1,1,1,1,1,1,1,1,1,1,1,1,1,1,1,1,1,1,1,1,1,1,1,1,1,1,1,NA,1,NA,NA,NA,NA,1,1,1,1,1,1,1,1,1,1,1,1,1,1,1,1,1,1,1,1,1,1,1,1,1,1,1,1,1,1,1,1,1,1,1,1,1,1,1,1,1,1,1,1,1,1,1,1,1,1,1,1,1,1,1,1,1,1,1,1,0,1,1,1,1,1,1,1,1,1,1,1,1,1,1,1,1,1,1,1,1,1,NA,1,1,1,1,NA
"RAP0845_monticola_B",1,0.5,1,1,0.5,0.5,1,0.5,1,1,1,1,0.5,1,1,1,1,1,1,1,1,1,1,1,1,1,1,NA,1,1,1,1,1,1,1,1,1,1,1,1,1,1,1,1,1,1,1,1,1,1,1,1,1,1,1,1,1,1,1,1,1,1,1,1,1,1,1,1,1,1,1,1,1,1,1,1,1,1,1,1,1,1,1,1,1,1,1,1,1,1,1,1,1,0.5,1,1,1,1,1,1,1,1,1,1,1,1,1,NA,0.5,1,1,1,1,1,1,1,1,1,1,1,1,1,1,0.5,1,1,0.5,NA,1,1,1,1,1,1,1,1,1,1,1,1,1,1,1,1,1,1,1,1,1,1,1,1,1,1,1,1,1,1,1,1,1,1,1,1,1,1,0,1,1,1,1,1,1,1,0,0,1,1,1,1,1,1,1,1,1,1,1,NA,NA,NA,NA,NA,1,1,1,1,1,1,1,1,1,1,1,1,1,1,1,1,1,1,1,1,1,1,1,1,1,1,1,1,1,1,1,1,1,1,1,1,1,1,1,1,1,1,1,1,1,1,1,1,1,1,1,1,1,1,1,1,1,1,1,1,1,1,1,1,1,1,1,1,1,1,1,1,1,1,1,1,NA,NA,NA,NA,NA,NA,NA,NA,NA,NA,NA,1,1,1,0,1,1,1,1,1,1,1,1,1,1,1,1,1,1,1,1,1,1,1,1,1,1,1,1,1,0.5,NA
"RAP0864_monticola_B",1,0.5,1,1,0.5,NA,NA,0.5,1,NA,1,1,0.5,1,1,1,1,1,1,1,1,1,1,1,1,1,1,0,1,1,1,1,1,1,1,1,1,1,1,1,1,1,1,1,1,1,1,1,1,1,1,1,1,1,1,1,1,1,1,1,1,1,1,1,1,1,1,1,1,1,1,1,1,1,1,1,1,1,1,1,1,1,1,1,1,1,1,1,1,1,1,1,1,1,NA,NA,NA,NA,1,1,1,1,1,1,1,1,1,1,NA,1,1,1,1,1,1,1,1,1,1,1,1,1,1,0.5,1,1,0.5,1,1,1,1,1,1,1,1,1,1,1,1,1,NA,NA,1,1,1,1,1,1,1,1,1,1,1,1,1,1,1,1,1,1,1,1,1,1,1,1,0,1,1,1,1,1,1,1,0,0,0.5,0.5,1,1,1,1,1,1,1,1,1,1,1,1,1,NA,1,1,1,1,1,1,1,1,1,1,1,1,1,1,1,1,1,1,1,1,1,1,1,1,1,1,1,1,1,1,1,0.5,0.5,0.5,1,1,1,1,1,1,1,1,1,1,1,1,1,1,1,1,1,1,1,1,1,1,1,1,1,1,1,1,1,1,1,1,1,1,1,1,1,1,1,1,1,1,1,1,1,1,1,1,1,1,1,1,1,1,1,1,0,1,1,1,1,1,1,1,1,1,1,1,1,1,1,1,1,1,1,1,1,1,1,1,1,1,1,1
"RAP0874_monticola_B",1,0.5,1,1,1,0.5,1,1,1,1,1,1,0,1,1,1,1,1,1,1,1,1,1,1,1,1,1,0,0.5,1,1,1,1,1,1,1,1,1,1,1,1,1,1,1,1,1,1,1,1,1,1,1,1,1,1,1,1,1,1,1,1,1,1,1,1,1,1,1,1,1,1,1,1,1,1,1,1,1,1,1,1,1,1,1,1,1,1,1,1,1,1,1,1,1,1,1,1,1,1,NA,1,1,1,1,1,1,1,1,0.5,1,1,1,1,1,1,1,1,1,1,1,1,1,1,0.5,1,1,0.5,1,1,1,1,1,1,1,1,1,1,1,1,1,1,NA,1,1,1,1,1,1,1,1,1,1,1,1,1,1,1,1,1,1,1,1,1,1,1,1,0,1,1,1,1,1,1,1,1,1,0.5,0.5,1,1,1,1,1,1,1,1,1,1,1,1,1,0,1,1,1,1,1,1,1,1,1,1,1,1,1,1,1,1,1,1,1,1,1,1,1,1,1,1,1,1,1,1,1,1,1,1,1,1,1,1,1,1,1,1,1,1,1,1,1,1,1,1,1,1,1,1,1,1,1,1,1,1,1,1,1,1,1,1,1,1,1,1,1,1,1,1,1,1,1,0.5,1,1,1,1,1,1,1,1,1,1,1,1,0,1,1,1,1,1,1,1,1,1,1,1,1,1,1,1,1,1,1,1,1,1,1,1,1,1,1,1
"RAP0877_monticola_B",1,0.5,1,1,1,NA,0.5,NA,1,1,1,1,0,1,1,1,1,1,1,1,1,1,1,1,1,1,1,0.5,1,1,1,1,1,1,1,1,1,1,1,1,1,1,1,1,1,1,1,1,1,1,1,1,1,1,0.5,1,1,1,1,1,1,1,1,1,1,1,1,1,1,1,1,1,1,1,1,1,1,1,1,1,1,1,1,1,1,1,1,1,1,1,1,1,1,1,1,1,1,1,NA,1,1,1,1,1,1,1,1,1,0.5,1,1,1,1,1,1,1,1,1,1,1,1,1,1,0.5,1,1,0.5,1,1,1,1,1,1,1,1,1,1,1,NA,0.5,1,1,1,1,1,1,1,NA,NA,NA,NA,1,1,1,1,1,1,1,1,1,1,1,1,1,1,1,0,1,1,NA,1,1,1,1,0.5,0.5,0.5,0.5,1,1,NA,NA,NA,1,1,1,1,1,1,1,1,1,1,1,1,1,1,1,1,1,1,1,1,1,1,1,1,1,1,1,1,1,1,1,1,1,1,1,1,1,1,1,1,1,1,1,1,1,1,1,1,1,1,1,1,1,1,1,1,1,1,1,1,1,1,1,1,1,1,1,1,1,1,1,1,1,1,1,NA,1,1,1,NA,NA,1,1,1,1,NA,NA,NA,NA,NA,NA,NA,NA,1,1,1,1,1,1,0,1,1,1,1,1,1,1,1,1,1,1,1,1,1,1,1,1,1,1,1,1,NA,1,1,NA,0.5,1
"RAP0881_monticola_B",1,0.5,1,1,0.5,NA,1,0.5,1,1,1,1,0,1,1,1,1,1,1,1,1,1,1,1,1,1,1,0,1,1,1,1,1,1,1,1,1,1,1,1,1,1,1,1,NA,1,1,1,1,1,1,1,1,1,1,1,1,1,1,1,1,1,1,1,1,1,1,1,1,1,1,1,1,1,1,1,1,1,1,1,1,1,1,1,1,1,1,1,1,1,1,1,1,1,NA,NA,NA,NA,1,1,1,1,1,1,1,1,1,1,0.5,1,1,1,1,1,1,1,1,1,1,1,1,1,1,0.5,1,1,0.5,1,1,1,1,1,1,1,1,1,1,1,0.5,NA,1,1,1,1,1,1,1,1,1,1,1,1,1,1,1,1,1,1,1,1,1,1,1,1,1,1,0,1,1,1,1,1,1,1,0,0,0.5,0.5,1,1,1,1,1,1,1,1,1,1,1,1,1,0.5,1,1,1,1,1,1,1,1,1,1,1,1,1,1,1,1,1,1,1,1,1,1,1,1,1,1,1,NA,NA,1,1,1,1,1,1,1,1,1,1,1,1,1,1,1,1,1,1,1,1,1,1,1,1,1,1,1,1,1,1,1,1,1,1,1,1,1,1,1,1,1,1,1,1,1,1,1,1,1,1,1,1,1,1,1,1,1,1,1,1,1,0,1,1,1,1,1,1,1,1,1,1,1,1,1,1,1,1,1,1,1,1,1,1,NA,1,1,1,1
"RAP0927_monticola_B",1,0.5,1,1,1,0.5,0.5,1,1,1,1,1,0.5,1,1,1,1,1,1,1,1,1,1,1,1,1,1,0,1,1,1,1,1,1,1,1,1,1,1,1,1,1,1,1,1,1,1,1,1,1,1,1,1,1,1,1,1,1,1,1,1,1,1,1,1,1,1,1,1,1,1,1,1,1,1,1,1,1,1,1,1,1,1,1,1,1,1,1,1,1,1,1,0.5,1,NA,NA,NA,NA,1,1,1,1,1,1,1,1,1,1,1,1,1,1,1,1,1,1,1,1,1,1,1,1,1,0.5,NA,NA,0.5,1,1,1,1,1,1,1,1,1,1,1,1,1,1,1,1,1,1,1,1,1,1,1,1,1,1,1,1,1,1,1,1,1,1,1,1,1,1,1,0.5,1,1,0.5,1,1,1,1,0,0,0.5,0.5,1,1,1,1,1,1,1,1,1,1,1,1,1,NA,1,1,1,1,1,1,1,1,1,1,1,1,1,1,1,1,1,1,1,1,1,1,1,1,1,1,1,NA,NA,0.5,1,1,1,1,1,1,1,1,1,1,1,1,1,1,1,1,1,1,1,1,1,1,1,1,1,1,1,1,1,1,1,1,1,1,1,1,1,1,1,1,1,1,1,1,NA,NA,1,1,1,1,1,1,1,1,1,1,1,1,1,1,0,1,1,1,1,1,1,1,1,1,1,1,1,1,1,1,1,1,1,1,1,1,1,1,NA,1,1,1
"RAP0934_monticola_B",1,0.5,1,NA,0.5,0.5,0,0.5,1,1,1,1,0,1,1,1,1,1,1,1,1,1,1,1,1,1,1,0,1,1,1,1,1,1,0.5,1,1,1,1,1,1,1,1,1,NA,1,1,NA,1,1,1,1,1,1,1,1,1,1,1,1,1,1,1,1,1,1,1,1,1,1,1,1,1,1,1,1,1,1,1,1,1,1,1,1,1,1,1,1,1,1,1,1,1,0.5,1,1,1,1,NA,NA,NA,NA,1,1,1,1,1,1,0.5,1,1,1,1,1,1,1,1,1,1,1,1,1,1,1,1,1,1,1,1,1,NA,1,1,1,1,1,1,1,0.5,1,NA,NA,1,0.5,1,0,0,1,1,1,1,1,1,1,1,1,1,1,1,1,1,1,1,1,1,1,0,1,1,1,1,1,1,1,0,0,0.5,NA,1,1,0.5,0.5,0.5,1,1,1,1,1,1,1,1,1,1,1,1,1,1,1,1,1,1,1,1,1,1,1,1,1,1,1,1,1,1,1,1,1,1,1,1,1,1,1,1,1,1,1,1,1,1,1,1,1,1,1,1,1,1,1,1,1,1,1,1,1,1,1,1,1,1,1,1,1,1,1,1,1,1,1,1,1,1,1,1,1,1,1,1,1,NA,NA,NA,NA,NA,NA,NA,NA,1,1,1,1,0.5,1,0.5,1,1,1,1,1,1,1,1,1,1,1,1,1,1,1,1,1,1,1,1,1,1,1,1,1,1,1
"RAP0936_monticola_B",1,0.5,1,1,1,NA,0.5,1,1,NA,1,1,0,1,1,1,1,1,1,1,1,1,1,1,1,1,1,0,1,NA,1,1,1,1,1,1,1,1,1,1,1,1,1,1,1,1,1,1,1,1,1,1,1,NA,0.5,1,1,1,1,1,1,1,1,1,1,1,NA,NA,1,1,1,1,1,1,1,1,1,1,1,1,1,1,1,1,1,1,1,1,1,1,1,1,0.5,1,NA,NA,NA,NA,0,1,1,1,1,1,1,1,1,1,0.5,1,1,1,1,1,1,1,1,1,1,1,1,1,1,NA,1,1,NA,1,1,1,1,1,1,1,1,1,1,1,0.5,1,1,1,1,1,1,1,1,1,1,1,1,1,1,1,1,1,1,1,1,1,1,1,1,1,1,1,0,1,NA,NA,1,1,1,1,0.5,0.5,NA,1,1,1,NA,NA,NA,1,1,1,1,1,1,1,1,0.5,1,1,1,1,1,1,1,1,1,1,1,1,1,NA,1,1,1,1,1,1,1,1,1,1,1,1,1,1,1,1,1,1,1,1,1,1,1,1,1,1,1,1,1,1,1,1,1,1,1,1,1,1,1,1,1,1,1,1,1,1,1,1,1,1,1,1,1,1,1,1,1,1,1,1,1,1,1,0.5,1,1,1,1,1,1,NA,NA,NA,1,1,1,0,1,1,1,1,1,1,1,1,1,1,1,1,1,1,1,1,1,1,1,1,1,1,1,1,1,1,1
"RAP0947_monticola_B",NA,0.5,1,1,1,0.5,0.5,1,1,1,1,1,0,NA,NA,NA,NA,NA,NA,NA,NA,NA,NA,NA,NA,NA,NA,0.5,1,1,1,1,1,1,1,1,1,1,1,1,1,1,1,NA,1,NA,1,1,1,1,NA,1,NA,NA,NA,1,1,1,1,1,1,1,1,1,1,1,1,1,NA,NA,1,1,1,1,1,1,1,1,1,1,1,1,1,1,1,1,1,1,1,1,1,1,1,0.5,1,1,1,0.5,1,NA,NA,NA,1,1,1,1,1,1,1,1,1,1,NA,1,1,1,1,1,1,1,1,1,1,1,1,1,1,1,NA,NA,0.5,1,1,1,1,1,1,1,0,1,1,1,1,1,1,1,1,1,1,1,1,1,1,NA,NA,NA,NA,NA,NA,NA,NA,NA,NA,NA,NA,NA,0,1,NA,1,NA,NA,NA,NA,NA,NA,1,1,1,NA,NA,NA,NA,NA,NA,NA,1,1,1,1,1,1,1,1,1,1,1,1,NA,NA,NA,NA,NA,NA,1,1,1,1,1,1,1,1,1,1,1,1,1,1,1,1,1,NA,1,1,1,1,1,1,1,1,1,1,1,1,1,1,1,1,1,1,1,1,1,1,1,1,1,1,1,1,1,1,1,1,1,1,1,1,NA,1,1,1,1,1,1,1,1,1,1,1,1,1,1,1,1,1,1,1,1,NA,NA,NA,NA,NA,NA,NA,NA,NA,NA,NA,NA,NA,NA,NA,NA,NA,NA,NA,NA,NA,NA,NA,NA,NA,NA,1,1,1,1,1
"RAP0967_monticola_B",1,0.5,1,1,1,0.5,1,1,1,1,1,1,0,1,1,1,1,1,1,1,1,1,1,1,1,1,1,0,1,1,1,1,1,1,1,1,1,1,1,1,1,1,1,1,1,NA,1,1,1,1,1,1,1,1,1,1,1,1,1,1,1,1,1,1,1,1,1,1,1,1,1,1,1,1,1,1,1,1,1,1,1,1,1,1,1,1,1,1,1,1,1,1,1,1,NA,NA,NA,NA,1,1,1,1,1,1,1,1,1,1,0.5,1,1,1,1,1,1,1,1,1,1,1,1,1,1,0.5,1,1,0.5,1,1,1,1,1,1,1,1,1,1,1,0.5,0.5,1,0.5,1,1,1,1,1,1,1,1,1,1,1,1,1,1,1,1,1,1,1,1,1,1,1,1,0,1,1,0.5,1,1,1,1,0,0,0.5,0.5,1,1,1,1,1,1,1,1,1,1,1,1,1,1,1,1,1,1,1,1,1,1,1,1,1,1,1,1,1,1,1,1,1,1,1,1,1,1,1,1,1,1,1,0,1,1,1,1,1,1,1,1,1,1,1,1,1,1,1,1,1,1,1,1,1,1,1,1,1,1,1,1,1,1,1,1,1,1,1,1,1,1,1,1,1,1,1,1,1,1,1,1,1,1,1,1,1,1,1,1,1,1,1,1,0,1,1,1,1,1,1,1,1,1,1,1,1,1,1,1,1,1,1,1,1,1,1,1,1,1,1,1
"RAP0993_monticola_B",1,1,1,1,1,NA,1,1,1,1,1,1,0.5,1,1,1,1,1,1,1,1,1,1,1,1,1,1,NA,1,1,1,1,1,1,1,1,1,1,1,1,1,1,1,1,0.5,1,1,1,1,1,1,1,NA,1,0.5,1,1,1,1,1,1,1,1,1,1,1,NA,NA,1,1,1,1,1,1,1,1,1,1,NA,NA,NA,NA,NA,NA,NA,NA,NA,NA,NA,NA,NA,NA,1,1,1,1,1,1,NA,1,1,1,1,1,1,1,1,1,0.5,1,1,1,1,1,1,1,1,1,1,1,1,1,1,NA,1,1,NA,1,1,1,1,1,1,1,1,1,1,1,NA,0.5,1,1,1,1,1,0,0,1,1,1,1,1,1,1,1,1,1,1,1,1,1,1,1,1,1,1,0,1,1,NA,1,1,1,1,0,0,0.5,0.5,1,1,1,1,1,1,1,1,NA,1,1,1,1,1,1,1,1,1,1,1,1,1,1,1,1,1,1,1,1,1,1,1,1,1,1,1,1,1,1,1,1,1,1,1,1,1,1,1,1,1,1,1,1,1,1,1,1,1,1,1,1,1,1,1,1,1,1,1,1,1,1,1,1,1,1,1,1,1,1,1,1,1,1,1,1,1,1,1,1,1,1,1,1,1,1,1,1,1,1,1,1,1,1,1,0,1,1,1,1,1,1,1,1,1,1,1,1,1,1,1,1,1,1,1,1,1,NA,1,1,1,0.5,1
"RAP1016_monticola_A",0,1,0,NA,NA,NA,1,0.5,0.5,0.5,0,1,NA,NA,NA,NA,NA,NA,NA,NA,NA,NA,NA,NA,NA,NA,NA,1,1,NA,0,0,0.5,NA,1,1,NA,NA,NA,NA,1,1,0.5,NA,0,NA,NA,NA,NA,1,0.5,NA,0.5,NA,0.5,1,1,0,0,0,0,1,NA,NA,NA,NA,1,1,0.5,0.5,NA,NA,NA,1,0,1,1,0.5,1,1,1,1,1,1,0.5,1,1,1,1,1,1,1,NA,NA,0,1,0,0.5,1,1,1,1,NA,NA,0.5,NA,NA,1,0,0,0,0,0,0,0,1,0.5,0.5,0,0,1,1,1,0,0,0.5,0,0.5,NA,NA,0,0,1,1,1,0,0,NA,NA,NA,1,NA,0,NA,1,1,1,NA,NA,NA,NA,0.5,1,NA,NA,NA,0.5,0.5,1,1,0,0,0,0,0,0,0.5,NA,0,0.5,NA,NA,NA,NA,0.5,0,0,0,1,NA,0,0,0,1,1,0.5,0.5,1,1,0,0,1,1,1,1,1,1,1,1,1,0,1,1,0,1,NA,1,1,0,0,0,0,1,1,0,0,0.5,1,1,NA,NA,1,NA,NA,NA,NA,0,0,1,1,1,0.5,1,1,0.5,0.5,0,0,0,0,0,0,0,0,0,0,0,0,0,0,0,0,0,1,0,0,1,1,NA,1,1,1,1,1,NA,NA,NA,NA,0,1,0,0,0,0,1,0,1,1,1,1,0,1,0,1,1,1,0,1,1,1,0,1,1,1,1,1,1,1,1,1,1,1,0,0,1,1,1,1,1,0
"RAP1030_monticola_A",0.5,1,0,NA,NA,1,NA,NA,NA,0.5,0,1,0,0,0,0,0,0,0,0,0,0,0,0,0,0,0,NA,NA,1,NA,0,0.5,1,1,1,NA,NA,NA,NA,NA,1,1,NA,NA,0.5,0,1,0,1,NA,NA,0.5,1,1,1,1,0,0,0,0,1,NA,NA,NA,1,NA,NA,0.5,0.5,1,1,1,NA,NA,NA,NA,1,0.5,0.5,0.5,1,0,1,1,1,1,1,1,1,1,0.5,0.5,0,0,1,0,0.5,1,1,1,1,0,NA,NA,0,0,1,0,0,NA,NA,0,0,0,1,1,0.5,0,0,NA,NA,1,NA,NA,NA,NA,NA,NA,0.5,0,0.5,1,1,1,0.5,0,1,1,NA,1,1,0,NA,1,1,1,1,1,1,1,0.5,1,0.5,0.5,0.5,0.5,0.5,1,1,0,0,0,0,0,0,0,NA,0,0.5,1,1,1,0,0,0,0,0,1,1,0,0,0,1,1,NA,NA,1,1,0,0,1,NA,1,1,1,1,1,NA,NA,NA,NA,NA,NA,1,NA,1,1,0,0,0,0,1,1,0,0,0.5,NA,NA,0.5,0.5,1,0.5,1,1,1,0.5,0.5,NA,NA,0.5,0.5,0.5,NA,0.5,0.5,0,0,0,0,0,0,0,0,0,0,0,0,0,0,0,0,0,1,1,0,1,1,0,1,1,1,NA,1,NA,NA,NA,NA,0,1,0,0,0,0,1,0,NA,NA,NA,1,0,1,0,1,1,1,0,1,1,1,0,0,1,1,1,0,1,1,1,1,1,1,1,1,1,0,1,1,0.5,0
"RAP1050_monticola_B",1,1,1,1,NA,NA,0.5,1,1,NA,1,1,0,1,1,1,1,1,1,1,1,1,1,1,1,1,1,NA,NA,NA,1,1,1,1,0,1,NA,NA,NA,1,1,1,1,1,NA,1,1,1,1,1,1,1,1,NA,1,1,1,1,NA,NA,NA,NA,1,1,1,NA,1,1,NA,NA,1,1,1,NA,NA,NA,NA,1,1,1,1,1,1,1,1,1,1,1,1,1,1,1,1,0.5,1,1,1,0.5,NA,NA,NA,NA,1,1,1,1,1,1,1,1,1,1,NA,1,1,1,1,1,1,1,1,1,1,NA,NA,NA,NA,NA,NA,NA,NA,1,1,1,1,1,1,1,0.5,1,1,1,1,1,1,1,1,1,1,1,1,1,1,NA,NA,NA,1,1,NA,NA,1,1,1,1,1,1,0,1,1,NA,1,1,1,1,0.5,0.5,0.5,0.5,1,1,0.5,0.5,0.5,1,1,NA,1,1,1,1,1,1,1,1,1,1,1,1,NA,NA,NA,NA,NA,NA,1,1,1,1,1,1,1,1,1,1,1,1,1,NA,NA,NA,NA,NA,1,1,1,1,1,1,1,1,1,1,1,1,1,1,1,1,1,1,1,1,1,1,1,1,1,1,1,1,1,1,1,1,1,1,1,1,1,1,1,1,1,1,1,1,1,1,1,1,1,1,1,1,1,1,NA,NA,NA,1,0,1,0.5,1,1,1,1,1,1,1,1,1,1,1,1,1,1,1,1,1,1,1,1,1,1,1,1,0.5,1,1
"RAP1068_monticola_A",0.5,1,1,NA,1,0.5,0,1,1,1,0,0,NA,1,1,1,1,1,1,1,1,1,1,1,1,1,1,0.5,0.5,NA,1,0,0,NA,1,0.5,NA,NA,NA,NA,NA,1,NA,1,0.5,1,1,1,NA,1,1,1,NA,NA,1,1,1,1,1,1,1,0.5,1,1,1,NA,NA,NA,0.5,0.5,1,1,1,1,1,1,1,1,1,1,0,1,1,1,1,1,1,1,1,1,1,0,1,0,1,1,1,0.5,NA,NA,NA,NA,1,1,1,0,1,1,NA,NA,1,1,1,1,1,1,1,0,1,1,1,1,NA,0.5,0.5,1,0.5,1,1,1,NA,0,0,0,0,1,1,1,0,0.5,1,1,1,0.5,1,0,0,1,1,1,1,1,0,1,1,1,NA,NA,NA,NA,1,1,1,1,1,1,0,1,1,1,1,1,1,1,NA,NA,0,0,1,NA,NA,NA,NA,NA,NA,1,NA,0,1,0,0,1,1,1,1,1,1,1,1,1,1,1,1,1,NA,NA,1,1,1,1,1,1,1,1,1,1,1,1,1,1,1,1,1,0.5,0.5,0.5,1,1,1,1,1,1,1,1,1,1,1,1,1,1,1,1,1,1,1,1,0,1,1,1,NA,NA,NA,NA,NA,NA,NA,NA,NA,1,1,1,1,0.5,1,1,1,1,NA,NA,NA,NA,NA,NA,NA,NA,NA,NA,NA,0,1,1,0,1,1,1,0,1,1,1,0,1,1,1,1,1,1,1,1,1,1,1,1,1,1,1,1,NA,1,1
"RAP1071_monticola_C",0.5,1,NA,0.5,1,1,NA,NA,NA,0,0,1,NA,0,0,0,0,0,0,0,0,0,0,0,0,0,0,0,1,1,NA,0,0.5,1,1,1,NA,NA,NA,0,0,1,1,NA,0,1,NA,NA,NA,0.5,NA,0.5,0.5,1,0.5,1,1,0,NA,NA,NA,NA,NA,NA,NA,1,1,1,0,0,1,1,1,1,1,1,1,0.5,0.5,1,1,1,1,1,1,1,1,1,1,1,1,1,0.5,0,0,1,0,0.5,NA,1,1,1,0.5,1,0.5,0,1,1,0,0,NA,NA,NA,0,1,1,1,NA,0,0,NA,NA,1,0,0,0.5,0,0.5,1,0,0,0.5,1,1,1,0.5,0.5,NA,1,NA,NA,NA,0,NA,1,1,1,1,1,1,1,1,1,0,0,1,0.5,0.5,1,1,0,0,0,0,0,0,NA,NA,0,NA,1,1,1,0,0,0,0,0,1,NA,NA,NA,NA,NA,NA,0.5,NA,1,1,0,0,1,NA,1,1,1,1,1,NA,NA,NA,NA,NA,NA,1,0.5,0,0,0,0,0,0,1,1,0,0,0.5,1,1,0.5,0.5,1,NA,NA,NA,NA,0.5,0.5,NA,NA,NA,NA,NA,NA,1,1,0,0,0,0,0,0,0,1,0,0,0,0,1,0,NA,NA,NA,NA,NA,NA,NA,NA,0.5,NA,1,1,NA,NA,1,1,1,1,0,1,0,0,0,0,1,0,1,1,1,1,0,1,0,1,0,0,0,1,1,1,0,1,1,1,1,0,1,1,1,1,1,1,1,1,1,1,1,1,1,0
"RAP1075_monticola_C",0.5,1,1,0,0.5,1,NA,0.5,NA,1,0,1,0,NA,NA,NA,NA,NA,NA,NA,NA,NA,NA,NA,NA,NA,NA,0,0,0.5,0.5,0,0.5,1,1,1,NA,NA,NA,NA,NA,0.5,1,1,0.5,0.5,0.5,1,0.5,1,1,NA,0,1,0.5,0.5,0.5,0,NA,NA,NA,NA,0.5,0.5,0,NA,1,1,0.5,0.5,NA,NA,NA,0.5,1,1,1,0.5,1,1,0,0,1,0,1,1,1,NA,0,0,1,1,0.5,0,0,1,0,0.5,1,NA,NA,NA,NA,NA,0.5,NA,NA,1,NA,NA,NA,0.5,0,1,1,1,0,0.5,0,0,NA,NA,0.5,NA,NA,NA,NA,NA,1,0,0,0.5,1,1,1,0.5,NA,NA,1,NA,1,1,0,0.5,NA,1,1,NA,NA,NA,NA,0.5,1,NA,NA,0.5,NA,NA,NA,1,NA,NA,NA,NA,NA,NA,0,1,NA,NA,1,0.5,0.5,0,1,1,0,0,0.5,0,0,0,0,1,1,0.5,NA,1,0.5,0,0,1,1,1,1,1,1,1,NA,NA,NA,NA,NA,NA,1,1,0.5,0.5,0.5,0.5,NA,0.5,1,1,0.5,0.5,0.5,NA,NA,0,1,1,0.5,0.5,0.5,0.5,0,0,NA,NA,NA,NA,NA,NA,NA,NA,0,0,0,0,0,0,0,0.5,0,0,0,0,0.5,0,NA,NA,NA,NA,NA,NA,NA,NA,0.5,0,NA,NA,NA,NA,NA,NA,NA,NA,0,1,0,0,0,0,1,0,NA,NA,NA,NA,NA,NA,NA,0,1,1,0,1,1,1,0,1,1,1,1,0,0,1,1,1,1,1,1,1,1,1,1,NA,0.5,0
"RAP1077_monticola_C",0.5,1,NA,0.5,1,1,1,0.5,0.5,1,0,1,NA,NA,NA,NA,NA,NA,NA,NA,NA,NA,NA,NA,NA,NA,NA,NA,NA,NA,NA,0,NA,NA,1,0.5,NA,NA,NA,NA,NA,0,1,NA,0.5,1,NA,1,NA,1,1,NA,0,1,1,0.5,0.5,NA,NA,NA,NA,NA,0.5,0,0,NA,1,1,0.5,0.5,NA,NA,NA,0,1,1,1,NA,1,1,0.5,0.5,1,0.5,0.5,1,1,0.5,0.5,0.5,1,1,0,0,NA,NA,NA,NA,1,0,0,0,NA,0,NA,0,0,0,NA,0,0.5,0.5,0,0,0,1,1,0.5,0,0,1,1,0.5,0,0,NA,0,NA,1,NA,0,0,1,1,1,0,1,0.5,1,NA,NA,NA,0,0.5,0.5,1,1,1,1,1,1,0.5,1,1,1,0,NA,NA,1,1,NA,NA,NA,NA,NA,NA,0.5,1,NA,0.5,0,0,0,0,1,1,0,0,0.5,0,0,0,0,1,1,0,NA,1,1,0,0,1,NA,1,1,1,1,1,NA,NA,NA,NA,NA,NA,NA,1,1,1,0,0,0,0,1,1,0,0,0.5,NA,NA,NA,NA,NA,1,0,0,0,0,0,1,1,1,0,1,1,0,0,0,0,0,0,0,0,0,0,0,0,0,0,0,0,NA,NA,NA,NA,NA,NA,NA,NA,NA,NA,1,1,0,1,NA,NA,NA,NA,0,1,0,0,0,0,1,0,NA,NA,NA,1,0,0,0,1,1,1,1,1,1,1,0,0,1,1,1,0,0,1,1,1,0,1,1,1,1,1,0.5,NA,1,0
"RAP1079_monticola_C",1,1,NA,NA,0.5,1,1,0.5,0.5,1,0,1,0.5,NA,NA,NA,NA,NA,NA,NA,NA,NA,NA,NA,NA,NA,NA,0.5,NA,1,NA,0,0.5,NA,1,1,0.5,0.5,0.5,NA,NA,0.5,1,1,0.5,0.5,0,1,0,1,1,NA,0,1,1,0.5,1,0.5,0,0,0,1,0,0,0,1,1,1,0.5,0.5,NA,NA,NA,NA,NA,NA,NA,NA,NA,1,1,1,1,1,1,1,1,1,1,1,1,0.5,0.5,0,0,1,0,0.5,1,1,1,NA,1,0.5,0.5,0,0,NA,0,0,0.5,0.5,0,0,0,1,1,0.5,0,0,1,1,NA,0,0,NA,0,NA,NA,NA,0,0.5,1,1,1,0.5,0,1,1,0,1,1,0,1,1,1,1,1,1,1,1,1,1,0.5,0.5,0.5,0.5,0,NA,NA,NA,NA,NA,NA,NA,NA,0,NA,0,0.5,1,0,0,0,0,0,0,0,1,NA,NA,NA,NA,NA,NA,0.5,NA,1,1,0,0,1,NA,1,1,1,1,1,NA,NA,NA,NA,NA,NA,NA,0.5,1,1,0,0,0,0,1,1,0,0,0.5,NA,NA,NA,NA,1,1,0,0,0,NA,NA,1,1,1,0,1,1,NA,NA,0,0,0,0,0,0,0,0,0,0,0,0,0,0,NA,NA,NA,NA,NA,NA,NA,NA,0.5,NA,1,1,NA,1,NA,NA,NA,NA,0,1,0,0,0,0,1,0,1,1,1,1,0,1,0,1,1,1,0,0,1,1,0,1,1,1,1,0,0,1,1,0,0,1,1,1,NA,NA,1,0,0.5,0
"RAP1081_monticola_C",0.5,1,1,NA,0.5,1,NA,NA,NA,0,0,1,0.5,0,0,0,0,0,0,0,0,0,0,0,0,0,0,0.5,NA,1,0,0,0.5,1,1,1,NA,NA,NA,1,1,1,0.5,NA,0,NA,NA,1,NA,1,NA,1,0,1,0.5,1,1,0,NA,NA,NA,NA,NA,1,0,1,NA,NA,0.5,0.5,1,1,1,0,1,1,1,NA,0.5,NA,NA,1,NA,1,1,1,1,NA,1,1,1,0.5,NA,0,0,1,0,0.5,1,1,1,1,NA,1,0.5,0,0,1,0,0,0.5,0.5,0,0,0,1,1,0.5,0,0,NA,NA,1,0,0,0.5,0,0.5,1,0.5,0,0.5,1,1,1,0.5,1,1,1,0,1,1,0,NA,1,1,1,1,1,1,1,0,1,0.5,0.5,0.5,0.5,0,NA,NA,0,0,0,0,0,0,0,1,0.5,NA,NA,NA,NA,NA,0,0,0.5,0.5,1,0,0,0,0,1,1,0.5,0,1,1,0,0,1,1,0,0,0,0,0,1,1,0,1,1,0,NA,0,1,1,0,0,0,0,1,1,0,0,0.5,0.5,0.5,0.5,0.5,1,NA,NA,NA,NA,0.5,0.5,NA,NA,NA,NA,NA,NA,0,0,0,0,0,0,0,0,0,0,0,0,0,0,0,0,0,0,0,1,1,0,1,1,1,NA,1,1,NA,NA,NA,NA,NA,NA,0,1,0,0,0,0,1,0,1,1,1,1,0,1,0,0,1,1,0,1,1,1,0,1,1,1,1,0,0,1,1,1,1,1,1,1,1,1,1,NA,1,0
"RAP1083_monticola_C",0.5,1,1,NA,1,1,NA,NA,NA,0.5,0,1,0,0,0,0,0,0,0,0,0,0,0,0,0,0,0,NA,NA,1,0,0,0.5,1,1,NA,0.5,0.5,0.5,NA,1,1,1,NA,0.5,1,NA,NA,NA,1,0.5,1,NA,1,0.5,1,1,0,NA,NA,NA,NA,NA,NA,NA,1,NA,NA,1,1,1,1,1,1,1,1,1,1,1,1,1,1,1,1,0,1,1,1,1,1,1,1,NA,0,0,1,0,0.5,1,1,1,1,NA,1,0.5,0,0,1,1,NA,0.5,0.5,1,0,1,1,0,NA,0,0,NA,NA,1,NA,0.5,0.5,NA,0.5,1,0,0,NA,NA,NA,NA,NA,1,NA,1,NA,1,1,0,0,1,1,1,1,1,1,0,1,1,0,0,1,NA,NA,1,1,0,0,0,0,0,0,NA,1,0,0.5,1,1,1,0,0,0,0,0,0,1,0,0,0,1,1,0.5,1,1,1,0,0,1,0,1,1,1,1,1,NA,NA,NA,NA,NA,NA,1,NA,1,1,1,0,0,0,0,0,0,0,0.5,NA,1,0,1,1,0,1,1,1,0.5,0.5,NA,NA,NA,NA,NA,NA,1,1,0,0,0,0,0,0,0,0,0,0,0,0,0,0,NA,NA,NA,NA,NA,NA,NA,NA,1,1,1,1,NA,1,1,0,1,1,0,1,0,0,0,0,0,0,NA,NA,NA,1,0,1,0,1,1,1,0,1,1,1,0,1,1,1,1,1,1,1,1,1,1,1,1,1,1,NA,NA,1,1,0
"RAP1087_monticola_C",0.5,1,NA,NA,1,1,NA,0.5,NA,1,0,1,0,0,0,0,0,0,0,0,0,0,0,0,0,0,0,0.5,0,1,NA,0,NA,1,1,1,0,0,0,NA,NA,1,0,1,0.5,NA,1,NA,1,1,1,1,0.5,1,1,1,1,0,NA,NA,NA,NA,NA,NA,NA,NA,1,1,0,0,NA,NA,NA,NA,NA,NA,NA,1,1,1,1,1,1,1,0.5,1,1,1,1,1,1,0.5,0.5,0,NA,NA,NA,NA,1,1,1,1,NA,1,1,0,0,1,NA,NA,NA,NA,1,0,1,0,0,1,0,0,1,1,0,1,1,1,1,1,NA,0.5,0,NA,1,1,1,1,1,NA,1,NA,1,1,0,NA,1,1,1,1,1,1,0,1,1,NA,NA,NA,NA,NA,1,1,0,0,0,0,0,0,NA,NA,0,NA,1,1,0.5,0,0,0,0,0,1,1,0,0,0,1,1,NA,NA,1,0,0,0,1,1,1,1,1,1,1,0.5,1,0.5,1,1,0.5,NA,NA,0,0,1,1,1,1,1,1,1,1,0.5,1,1,0,1,NA,0.5,1,1,1,0.5,0.5,1,1,1,0,1,1,1,1,0,0,0,0,0,0,0,1,0,0,0,0,1,0,NA,NA,NA,NA,NA,NA,NA,NA,1,NA,1,0,0.5,1,1,1,1,1,NA,NA,NA,NA,NA,NA,NA,NA,1,1,1,1,0,1,0,1,1,1,0,1,1,1,0,1,1,1,1,1,0,1,0,1,1,0,1,1,1,NA,0.5,1,1,0
"RAP1092_monticola_B",1,0.5,1,1,NA,0.5,1,0.5,1,1,1,1,NA,1,1,1,1,1,1,1,1,1,1,1,1,1,1,0.5,1,1,1,1,1,1,1,1,NA,NA,NA,1,1,1,1,1,NA,1,1,1,1,1,1,1,NA,NA,1,1,1,1,1,1,1,1,1,1,1,1,1,1,1,1,1,1,1,1,1,1,1,1,1,1,1,1,1,1,1,1,1,1,1,1,1,1,NA,1,1,1,1,0.5,NA,1,1,1,1,1,1,1,1,1,0.5,1,1,1,1,1,1,1,1,1,1,1,1,1,1,0.5,1,1,0.5,1,1,1,1,1,1,1,1,1,1,1,0.5,1,1,1,1,1,1,1,1,1,1,1,1,1,1,1,1,1,1,1,1,1,1,1,1,1,1,1,0,1,1,0.5,1,1,1,1,1,1,0.5,0.5,1,1,1,1,1,1,1,1,1,1,1,1,1,0.5,NA,1,1,1,1,1,1,1,1,1,1,1,1,1,1,1,1,1,1,1,1,1,1,1,1,1,1,1,1,1,NA,NA,NA,NA,1,1,1,1,1,1,1,1,1,1,1,1,1,1,1,1,1,1,1,1,1,1,1,1,1,1,1,1,1,1,1,1,1,1,1,1,1,1,1,1,1,1,1,1,1,1,1,1,1,1,1,1,1,1,1,1,0,1,1,1,1,1,1,1,1,1,1,1,1,1,1,1,1,1,1,1,1,1,1,NA,1,1,1,1
"RAP1102_monticola_B",NA,0.5,NA,1,0.5,0.5,0.5,NA,1,1,1,1,0,1,1,1,1,1,1,1,1,1,1,1,1,1,1,0.5,1,1,1,1,1,1,0,NA,1,1,1,1,1,1,1,1,1,NA,1,1,1,1,1,1,NA,1,1,1,1,1,1,1,1,1,1,1,1,1,1,1,1,1,1,1,1,1,1,1,1,1,1,1,1,1,1,1,1,1,1,1,1,1,1,1,1,0.5,1,1,1,1,1,1,1,1,1,1,1,1,1,NA,1,1,1,1,1,1,1,1,1,1,1,1,1,1,1,1,1,1,1,1,1,1,NA,1,1,1,1,1,1,1,0.5,1,1,1,1,1,1,1,1,1,1,1,1,1,1,1,1,1,1,1,1,1,1,1,1,1,1,1,0,1,1,1,1,1,1,1,0.5,0.5,0.5,0.5,1,1,0.5,0.5,0.5,1,1,1,1,1,1,1,1,NA,1,1,1,1,1,1,1,1,1,1,1,1,1,1,1,1,1,1,1,1,1,1,1,1,1,1,1,1,1,NA,1,1,1,1,1,1,1,1,1,1,1,1,1,1,1,1,1,1,1,1,1,1,1,1,1,1,1,1,1,1,1,1,1,1,1,1,1,1,1,1,1,1,1,1,1,1,NA,NA,NA,NA,NA,NA,NA,NA,1,1,1,1,0,1,0.5,1,1,1,1,1,1,1,1,1,1,1,1,1,1,1,1,1,1,1,1,1,NA,1,1,1,1,1
"RAP1128_monticola_C",0.5,1,1,0.5,0.5,1,1,0.5,1,0.5,0,1,0.5,0,0,0,0,0,0,0,0,0,0,0,0,0,0,0,0.5,1,NA,0,0.5,1,1,0.5,1,1,1,1,1,NA,1,0,NA,0.5,0.5,1,0.5,1,1,NA,NA,1,NA,1,1,0,0,0,0,1,0.5,1,0,1,1,1,0.5,0.5,NA,1,1,1,1,1,1,1,0.5,NA,NA,1,NA,1,1,1,1,1,1,1,1,NA,0.5,0,0,1,0,1,1,1,1,1,0.5,1,0.5,0,0,1,NA,0,0.5,0.5,0,0,0,1,1,0.5,0,0,1,1,1,0,0,0.5,0,0.5,1,0.5,0,0.5,1,1,1,0.5,0.5,0.5,1,0,1,1,0,0.5,1,1,1,1,1,1,1,1,1,0.5,0.5,0.5,NA,0,1,1,0,0,0,0,0,0,0.5,1,0,0.5,NA,NA,NA,NA,0.5,0,NA,NA,NA,NA,NA,NA,NA,NA,NA,NA,0,1,1,0,0,1,NA,1,1,1,1,1,NA,NA,NA,NA,NA,NA,1,0.5,1,1,0,0,0,0,1,1,0,0,0.5,NA,NA,1,0,1,0.5,0.5,0.5,0.5,0.5,0.5,1,1,1,0,1,1,0,0,0,0,0,0,0,0,0,0,0,0,0,0,0,0,0,0,0,1,1,0,1,1,NA,NA,1,1,NA,NA,1,0.5,1,1,0,0.5,0,0,0,0,1,0,1,1,1,1,0,1,0,1,1,1,0,1,1,1,0,1,0,1,1,0,0,1,1,1,1,1,1,1,1,1,1,1,1,0
"RAP1134_monticola_A",0.5,1,0.5,NA,1,1,1,0.5,0.5,0.5,0,1,NA,0,0,0,0,0,0,0,0,0,0,0,0,0,0,0.5,1,1,0,0,0.5,1,1,1,1,1,1,1,1,1,0.5,1,0,NA,NA,1,NA,0,NA,1,0.5,1,1,1,1,0,0,0,0,1,0.5,1,0,1,1,1,0.5,0.5,1,1,1,NA,NA,NA,NA,0.5,1,0,0,1,0,1,1,0,1,1,1,1,1,0,0.5,0,0,1,0,1,1,1,1,1,0,1,0.5,0,1,1,0,0,NA,NA,0,0,0,1,0,0.5,0,0,1,1,NA,0,0,0.5,0,0.5,NA,0.5,0,NA,NA,NA,NA,NA,NA,1,1,0,0,0,0,0.5,1,1,1,1,1,1,0,0,1,NA,NA,NA,NA,NA,0,1,0,0,0,0,0,0,NA,NA,0,0.5,1,1,1,0,0,0,0,0,1,1,0,0,0,1,1,0.5,0.5,1,1,0,0,1,1,1,1,1,1,1,1,1,0.5,1,1,0.5,0.5,0.5,1,1,0,0,0,0,1,1,0,0,0.5,1,1,0.5,0.5,1,0.5,NA,NA,NA,0.5,0.5,1,1,1,1,1,1,0.5,0.5,0,0,0,0,0,0,0,0,0,0,0,0,0,0,0,0,0,1,1,0,1,1,1,1,1,1,0.5,1,NA,0.5,NA,NA,0,1,0,0,0,0,1,0,1,1,1,1,0,1,0,1,1,1,0,1,1,1,0,1,1,1,0,1,1,1,1,1,1,1,1,1,1,1,1,1,1,0
"RAP1136_monticola_A",0.5,1,0.5,NA,1,1,1,0.5,0.5,0,0,1,0.5,0,0,0,0,0,0,0,0,0,0,0,0,0,0,0.5,1,NA,NA,0,0.5,1,1,NA,1,1,1,1,1,1,1,1,0,0.5,0,1,0,1,NA,NA,0.5,1,1,1,1,0,0,0,0,1,NA,NA,NA,1,1,1,0.5,0.5,0.5,1,1,1,1,0,0,1,1,0,0,1,0,1,1,0,1,1,1,1,1,0,0.5,0,0,1,0,1,1,1,1,1,0.5,1,1,0,1,1,0,0,0,0,0,0,0,1,0.5,0.5,0,0,1,1,1,0,0,0.5,0,0.5,NA,NA,0,NA,NA,NA,NA,NA,0.5,0,1,0,1,1,0,0.5,1,NA,NA,1,1,1,0.5,0.5,1,0.5,0.5,0.5,0,0,0.5,1,0,0,0,0,0,0,0.5,NA,NA,0.5,1,0.5,0.5,0,0.5,0,0,0,0.5,1,0,0,0,1,1,NA,NA,1,1,0,0,1,1,1,1,1,1,1,1,1,0,1,1,0,1,0,1,1,0,0,0,0,1,1,0,0,0.5,NA,NA,0.5,0.5,1,0,1,1,1,0.5,0.5,1,1,1,0.5,1,1,0.5,0.5,0,0,0,0,0,0,0,0,0,0,0,0,0,0,0,0,0,1,0,0,1,1,1,1,1,1,1,1,1,0,1,1,0,1,0,0,0,0,1,0,1,1,1,0,0,1,0,1,1,0,0,1,0,1,0,1,1,1,1,1,1,0,1,1,0,1,1,1,1,1,1,1,1,0
"RAP1139_monticola_C",0.5,1,0.5,NA,0.5,1,1,0.5,NA,0,0,1,0,0,0,0,0,0,0,0,0,0,0,0,0,0,0,0,1,NA,0.5,0,0.5,1,1,1,1,1,1,1,1,1,0.5,1,0,1,1,0,1,NA,0,1,NA,1,1,1,1,0,0,0,0,1,0,0.5,0,NA,1,1,0,0,NA,NA,NA,1,1,1,1,NA,1,1,1,1,1,1,0,1,1,1,1,1,1,1,NA,NA,0,1,0,1,1,1,1,1,0.5,1,0.5,0,1,1,0,NA,0.5,1,NA,0,1,1,1,0.5,0,0,1,1,1,0,0,0.5,0,0.5,1,NA,NA,0.5,1,1,1,0.5,1,1,0.5,0,NA,NA,0,0.5,1,1,1,1,1,1,1,1,1,0.5,0.5,0.5,NA,NA,1,1,0,0,0,0,0,0,NA,0,0,0.5,NA,NA,NA,NA,0,0,0,0,1,NA,NA,NA,NA,NA,NA,0.5,0.5,NA,NA,NA,NA,NA,NA,1,1,1,1,1,1,1,0,1,1,0,NA,0,1,1,0,0,0,0,1,1,0,0,0,1,1,0.5,0.5,NA,0,1,1,1,0.5,0.5,1,1,1,0,1,1,NA,NA,0,0,0,0,0,0,0,0,0,0,0,0,0,0,NA,NA,NA,NA,NA,NA,NA,NA,NA,NA,1,1,NA,1,1,0.5,1,1,0,0.5,0,0,0,0,1,0,NA,NA,NA,1,0,1,0,1,0,1,0,1,1,1,0,1,1,1,1,0,1,1,1,1,1,1,1,1,1,1,NA,1,0.5,0
"RAP1141_monticola_A",0.5,1,NA,0.5,0.5,1,NA,0,0,0.5,0,1,NA,0,0,0,0,0,0,0,0,0,0,0,0,0,0,0,1,1,0.5,0,0.5,1,1,1,0.5,0.5,0.5,NA,0.5,1,0.5,1,NA,1,0.5,0.5,0.5,0.5,0.5,1,0.5,1,1,1,1,0,0,0,0,1,NA,NA,0,1,1,1,0.5,0.5,1,1,1,1,1,1,1,1,1,1,1,1,1,1,0,1,1,1,1,1,1,1,0.5,0,0,1,0,1,1,1,1,1,0.5,1,0.5,0,0,1,0,0,0.5,0.5,NA,0,0,1,1,0.5,0,0,1,1,1,0,0,0.5,0,NA,0,NA,0,0.5,1,1,1,0.5,1,1,1,0,1,1,0,0.5,1,1,1,1,1,1,1,0.5,1,0.5,0.5,0.5,0.5,0.5,0.5,1,0,0,0,0,0,0,0,NA,0,1,1,0.5,0.5,0,0,0,0,0,0.5,1,0,0,0,1,1,0.5,0.5,1,1,0,0,1,1,1,1,1,1,1,1,1,0,1,1,0,0,NA,1,1,0,0,0,0,1,1,0,0,NA,1,1,0.5,0.5,1,NA,NA,NA,NA,0.5,0.5,NA,NA,NA,NA,NA,NA,0.5,0.5,NA,NA,NA,NA,NA,NA,NA,NA,NA,NA,NA,NA,NA,NA,0,0,0,1,1,0,1,1,NA,NA,1,1,0,1,1,NA,1,1,0,1,0,0,0,0,1,0,1,1,1,1,0,1,0,0,1,1,0,1,1,1,0,0,1,0,1,0,1,1,1,1,1,1,1,1,1,1,1,NA,0.5,0
"RAP1143_monticola_C",0.5,1,0.5,0.5,1,1,1,0.5,0.5,0.5,0,1,0.5,0,0,0,0,0,0,0,0,0,0,0,0,0,0,0.5,0.5,1,NA,0,0.5,1,1,1,0.5,0.5,0.5,1,1,1,0.5,1,0.5,1,0.5,NA,0.5,1,NA,0.5,0.5,1,0.5,1,1,0,0,0,0,1,0,1,0,1,0.5,1,NA,NA,1,1,1,1,1,1,1,1,1,1,1,1,1,1,0.5,1,1,1,1,1,1,1,0.5,0,0,1,0,1,1,1,1,1,0.5,0.5,0.5,0,0,1,0,0,0.5,0.5,0.5,0,0,1,1,0.5,0,0,1,1,1,0,0,0.5,0,0.5,0.5,NA,0,0.5,1,1,1,0.5,0.5,1,1,0,1,1,0,0.5,1,1,1,0,1,1,1,0.5,1,0.5,0.5,0.5,0.5,NA,1,1,0,0,0,0,0,0,0,NA,0,1,1,1,1,0,0,0,0,0,1,1,0,0,0,1,1,0.5,NA,1,1,0,0,1,1,1,1,1,1,1,1,1,0,1,1,0,1,0.5,1,1,0,0,0,0,1,1,0,0,0.5,1,1,1,0.5,1,0.5,0.5,0.5,0.5,0.5,0.5,1,1,1,0,1,1,0.5,0.5,0,0,0,0,0,0,0,0,0,0,0,0,0,0,0,0,NA,1,1,0,1,1,NA,1,1,1,0.5,0.5,1,0.5,1,1,0,1,0,0,0,0,1,0,1,1,1,1,0,1,0,0,1,1,0,1,1,1,0,0,1,0,1,0,1,1,1,1,1,1,1,1,1,1,1,0.5,0.5,0
"RAP1145_monticola_C",0.5,1,0.5,0.5,0.5,1,NA,0.5,0.5,0,0,1,0.5,0,0,0,0,0,0,0,0,0,0,0,0,0,0,0,1,1,0,0,0.5,1,1,1,1,1,1,NA,0.5,1,NA,1,0,1,0.5,0.5,0.5,0.5,NA,1,0.5,1,1,1,1,0,NA,NA,NA,NA,0.5,0.5,0,1,1,1,0,0,1,1,1,1,1,1,1,0.5,0.5,1,1,1,1,1,1,1,1,1,1,1,1,0.5,0.5,0,0,1,0,1,1,1,1,1,0.5,1,0.5,0,1,1,0,0,0.5,0.5,NA,0,1,1,1,0.5,0,0,NA,NA,1,0,0,0.5,0,NA,1,0,0,NA,NA,NA,NA,NA,0.5,1,NA,0,1,1,0,0.5,1,1,1,1,1,1,1,1,1,0,0,1,NA,0.5,1,1,0,0,0,0,0,0,0,0,0,1,NA,NA,NA,NA,NA,NA,0,0,0.5,1,0,0,0,0,1,1,0.5,1,1,0,0,1,NA,1,1,1,1,1,NA,NA,NA,NA,NA,NA,1,NA,1,1,0,0,0,0,1,1,0,0,0.5,1,1,0,1,NA,NA,1,1,1,0.5,0.5,NA,NA,NA,NA,NA,NA,1,1,0,0,0,0,0,0,0,0,0,0,0,0,0,0,NA,NA,NA,NA,NA,NA,NA,NA,0.5,1,1,1,0.5,1,1,1,1,1,0,0.5,0,0,0,0,1,0,1,1,1,1,0,1,0,1,0,1,0,1,1,1,0,1,1,1,1,0,1,1,1,1,1,1,1,1,1,1,0,1,1,0
"RAP1150_monticola_C",0.5,1,NA,0.5,0.5,1,NA,0,NA,NA,0,1,0.5,NA,NA,NA,NA,NA,NA,NA,NA,NA,NA,NA,NA,NA,NA,0,0,0,NA,0,0.5,1,1,1,1,1,NA,NA,1,0,0.5,1,0,0.5,0.5,NA,0.5,1,1,NA,0,1,1,0,0,0,NA,NA,NA,NA,0,0,0,1,1,1,NA,NA,NA,NA,NA,1,1,1,1,0.5,0.5,1,0.5,0.5,1,0.5,1,1,1,0.5,0.5,0.5,1,0.5,NA,0.5,0,1,0,1,1,NA,NA,NA,1,0.5,0,0,0.5,1,0,0,0.5,0.5,0,0.5,0.5,1,0.5,0,0,0,NA,NA,0,0,0,0,0,0.5,1,0,0,0.5,1,1,1,0.5,1,1,1,0.5,1,1,0,0.5,0.5,1,1,1,0.5,0.5,1,1,1,1,1,NA,0.5,0.5,1,1,NA,NA,NA,NA,NA,NA,0,1,0,0.5,1,0,0,0,1,1,0,0,0.5,0,0,0,0,1,1,0.5,0.5,NA,NA,NA,NA,NA,1,1,1,1,1,1,1,0,1,0,0,1,1,1,0.5,0.5,0,0,0,0,1,1,0,0,0.5,NA,NA,0.5,NA,1,1,0,0,0,0,NA,0,0,0,1,0,0,NA,NA,NA,NA,NA,NA,NA,NA,NA,NA,NA,NA,NA,NA,NA,NA,NA,NA,NA,NA,NA,NA,NA,NA,0.5,0,0.5,1,NA,NA,0,1,0,0,0,1,0,0,0,0,1,0,1,1,1,1,0,0,0,1,1,1,0,1,1,1,0,0,1,1,1,0,0,1,1,1,0,1,1,1,1,1,1,0.5,1,0
"RAP1152_monticola_C",0.5,1,0.5,0.5,0.5,1,1,0.5,NA,0.5,0,1,0.5,NA,NA,NA,NA,NA,NA,NA,NA,NA,NA,NA,NA,NA,NA,NA,NA,1,NA,0,0.5,1,1,1,0.5,0.5,0.5,1,1,1,0.5,1,0.5,NA,0.5,0.5,0.5,1,0.5,NA,0,1,0.5,1,1,0,0,0,0,1,0.5,1,0,1,NA,1,0.5,0.5,NA,NA,NA,0.5,1,1,1,NA,1,1,1,1,1,1,0,1,1,1,1,1,1,1,0.5,0,0,1,0,1,1,1,1,1,0.5,1,0.5,0,0,1,0,0,NA,NA,0,0,0,1,1,0.5,0,0,NA,NA,1,0,0,NA,0,1,1,0.5,0,NA,NA,NA,NA,NA,1,0.5,1,0,1,1,0,0.5,1,1,1,1,1,1,1,0.5,1,0,0,1,0.5,NA,0.5,1,0,0,0,0,0,0,0,1,0,0.5,1,0.5,0.5,0,0.5,0,0,0,1,0,0,0,0,1,1,0.5,0.5,1,1,0,0,1,1,1,1,1,1,1,1,1,0,1,1,0,0,NA,1,1,0,0,0,0,1,1,0,0,0.5,1,1,0.5,0.5,1,0.5,0.5,0.5,0.5,0.5,0.5,1,1,1,0,1,1,0,0,0,0,0,0,0,0,0,0,0,0,0,0,0,0,0,0,0,1,1,0,1,1,1,1,1,1,NA,NA,NA,NA,NA,NA,0,1,0,0,0,0,1,0,1,1,1,1,0,1,0,1,1,1,0,1,1,1,0,1,1,1,1,0,0,1,1,1,1,1,1,1,1,1,1,1,1,0
"RAP1153_monticola_C",1,1,1,0.5,0.5,1,NA,0,0.5,1,0,1,0.5,NA,NA,NA,NA,NA,NA,NA,NA,NA,NA,NA,NA,NA,NA,0,0.5,0.5,NA,0,0.5,1,1,1,1,1,0.5,1,1,0,NA,1,0.5,0.5,0.5,0.5,0.5,1,1,0.5,0,1,1,0,0,0,NA,NA,NA,NA,NA,0,0,1,0,0,NA,NA,1,1,1,1,1,1,1,0.5,1,1,0,0,1,0,1,1,1,0,0,0,1,1,0,0.5,0,1,0,1,1,NA,NA,NA,0.5,0.5,0.5,0,0.5,NA,0,0,0.5,0.5,0,0.5,0.5,1,0.5,0,0,0,0,0,0,0,0,0,0,0,NA,0.5,NA,0.5,NA,1,1,0.5,1,1,1,NA,1,1,0,0.5,0.5,1,1,1,0.5,0.5,1,1,1,1,1,0,NA,NA,1,1,NA,NA,NA,NA,NA,NA,0,1,0,0.5,1,NA,0,0,NA,NA,NA,NA,NA,0,0,0,0,1,1,0.5,0.5,1,1,0,0,1,1,1,1,1,1,1,1,0,1,0,0,1,NA,1,1,1,0,0,0,0,1,1,0,0,0.5,NA,NA,NA,1,1,1,0,0,0,0,0,NA,NA,NA,NA,NA,NA,NA,NA,0,0,0,0,0,0,0,0,0,0,0,0,0,0,0,0,0,1,1,0,1,1,1,0,0.5,1,0,1,NA,NA,NA,NA,0,1,0,0,0,0,1,0,1,1,1,1,0,0.5,0,1,1,1,0,1,1,1,0,0,1,1,1,0,0,1,1,1,0,1,1,1,1,1,1,NA,0.5,0
"RAP1155_monticola_C",0.5,1,1,0.5,0.5,1,NA,NA,NA,1,0,1,0,NA,NA,NA,NA,NA,NA,NA,NA,NA,NA,NA,NA,NA,NA,0,0,0,0,0,0.5,1,1,1,1,1,0.5,1,1,0,NA,1,NA,NA,0,1,0,1,1,0,0,1,0.5,0,0,0,0,0,0,1,NA,0,0,1,1,1,0.5,0.5,0,0,0,0,1,1,1,0,NA,NA,NA,NA,NA,NA,NA,NA,NA,NA,NA,NA,NA,NA,NA,NA,0,NA,NA,1,1,NA,NA,NA,1,0.5,0.5,0,1,1,0,NA,0.5,0.5,0,1,1,1,0,0,0,0,NA,NA,0,0,0,0.5,0,0.5,NA,0,0,0,1,1,1,0,1,NA,1,0,1,1,0,NA,0,1,1,1,0,0,1,1,1,1,1,0,0.5,0.5,1,1,NA,NA,NA,NA,NA,NA,0,1,0,0.5,1,NA,NA,0,1,1,0,0,0.5,0,0,0,0,1,1,0.5,0.5,NA,NA,NA,NA,NA,1,1,1,1,1,1,1,0,1,0,0,1,NA,1,0,0,0,0,0,0,1,1,0,0,0.5,0,0,1,0.5,1,0.5,0.5,0.5,0.5,0,0,NA,NA,NA,NA,NA,NA,NA,NA,NA,NA,NA,NA,NA,NA,NA,NA,NA,NA,NA,NA,NA,NA,NA,NA,NA,NA,NA,NA,NA,NA,1,0,0,1,0,1,0,1,0,0,0,1,0,0,0,0,1,0,1,1,1,1,0,0.5,0,0,1,1,0,1,1,1,0,1,1,1,1,0,0,1,1,1,1,1,1,1,1,1,1,0.5,0,0
"RAP1175_monticola_B",1,NA,1,1,1,0,0.5,1,1,1,1,1,0,1,1,1,1,1,1,1,1,1,1,1,1,1,1,0.5,0.5,1,1,1,1,1,1,NA,1,1,1,1,1,1,1,1,1,1,1,1,1,0.5,1,1,1,1,1,1,1,1,1,1,1,1,1,1,1,1,1,1,NA,NA,1,1,1,1,1,1,1,1,1,1,1,1,1,1,1,1,1,1,1,1,1,1,1,NA,1,1,1,1,1,NA,NA,NA,1,1,1,1,1,1,1,1,1,1,NA,1,1,1,1,1,1,1,1,1,1,1,1,1,1,1,1,1,NA,1,1,1,1,1,1,1,0,1,1,1,1,1,1,1,1,1,1,1,1,1,1,1,1,1,1,1,1,0.5,1,1,1,1,1,1,NA,1,1,1,1,1,1,1,0,0,1,1,1,1,0.5,0.5,0.5,1,1,1,1,1,1,1,1,1,1,1,1,1,1,1,1,1,1,1,1,1,1,1,1,1,1,1,1,1,1,1,1,1,1,1,1,1,1,1,1,1,1,1,1,1,1,1,1,1,1,1,1,1,NA,NA,NA,NA,NA,NA,NA,NA,NA,NA,NA,NA,NA,NA,1,1,1,1,1,1,1,1,1,1,1,1,1,1,1,1,1,1,1,1,1,1,1,1,1,1,1,1,1,1,1,1,0,1,1,1,1,1,1,1,1,1,1,1,1,1,1,1,1,1,1,1,1,1,1,1,1,1,1,1
"RAP1181_monticola_B",1,0,1,1,NA,0.5,0.5,1,1,1,1,1,0,NA,NA,NA,NA,NA,NA,NA,NA,NA,NA,NA,NA,NA,NA,0.5,1,NA,1,1,1,0,1,1,1,1,1,1,1,1,1,1,1,1,1,1,1,0.5,1,1,1,1,1,1,1,1,1,1,1,1,1,1,1,1,NA,NA,NA,NA,1,1,1,1,1,1,1,1,1,1,1,1,1,1,1,1,1,1,1,1,1,1,1,NA,1,1,1,1,1,1,1,1,1,1,1,1,1,1,0.5,1,1,1,1,1,1,1,1,1,1,1,1,1,1,0.5,1,1,0.5,1,1,1,1,1,1,1,1,1,1,1,0.5,1,1,1,1,0.5,1,1,1,1,1,1,1,1,1,1,1,1,1,1,1,0.5,1,1,1,1,1,1,0.5,1,1,1,1,1,1,1,0,0,1,1,1,1,0.5,0.5,0.5,1,1,1,1,1,1,1,1,1,1,1,1,1,1,1,1,1,1,1,1,1,1,1,1,1,1,1,1,1,1,1,1,1,1,1,1,1,1,1,1,0.5,0.5,0.5,1,1,1,1,1,1,1,1,1,1,1,1,1,1,1,1,1,1,1,1,1,1,1,1,1,1,1,1,1,1,1,1,1,1,1,1,1,1,1,1,1,1,1,1,1,1,1,1,1,1,1,1,1,1,1,1,0,1,1,1,1,1,1,1,1,1,1,1,1,1,1,1,1,1,1,1,1,1,NA,1,1,1,1,1
"RAP1185_monticola_B",1,0.5,1,1,NA,0.5,0.5,1,1,1,1,1,0,NA,NA,NA,NA,NA,NA,NA,NA,NA,NA,NA,NA,NA,NA,NA,0.5,1,1,1,1,1,1,1,1,1,1,1,1,1,1,1,1,1,1,1,1,0.5,1,1,1,1,0.5,1,1,1,1,1,1,1,1,1,1,0,1,1,1,1,1,1,1,1,1,1,1,1,NA,NA,NA,NA,NA,NA,NA,NA,NA,NA,NA,NA,NA,NA,1,0.5,1,1,1,1,1,1,1,1,1,1,1,1,1,1,1,1,1,1,1,1,1,1,1,1,1,1,1,1,1,NA,1,1,NA,1,1,1,0.5,1,1,1,1,1,1,1,0,NA,1,1,1,0.5,1,1,1,1,1,1,1,1,1,1,1,1,1,1,1,0.5,1,1,1,1,1,1,0,1,NA,1,1,1,1,1,0,0,1,1,1,1,0.5,0.5,0.5,1,1,1,1,1,1,1,1,1,1,1,1,1,1,1,1,1,1,1,1,1,1,1,1,1,1,1,1,1,1,1,1,1,1,1,1,1,1,1,1,1,1,1,1,1,1,1,1,1,1,1,1,1,1,1,1,1,1,1,1,1,1,1,1,1,1,1,1,1,1,1,1,1,1,1,1,1,1,1,1,1,1,1,1,1,1,1,1,1,1,1,1,1,1,1,1,1,1,1,0,1,1,1,1,1,1,1,1,1,1,1,1,1,1,1,1,1,1,1,1,1,1,1,1,1,1,1
"RAP1191_monticola_B",1,0.5,1,1,1,NA,0,0.5,0.5,1,1,1,NA,1,1,1,1,1,1,1,1,1,1,1,1,1,1,0,0.5,1,1,1,1,1,0.5,0,1,1,1,1,1,1,1,1,1,1,1,1,1,0.5,1,1,NA,1,0.5,1,1,1,1,1,1,1,1,1,1,1,NA,NA,1,1,1,1,1,1,1,1,1,1,1,1,1,1,1,1,1,1,1,1,1,1,1,1,1,0.5,NA,NA,NA,NA,1,1,1,1,1,1,1,1,1,1,0.5,1,1,1,1,1,1,1,1,1,1,1,1,1,1,1,1,1,1,1,1,1,NA,1,1,1,1,1,1,1,1,1,1,1,1,0.5,1,1,NA,1,1,1,1,1,1,NA,NA,NA,1,1,1,0.5,1,1,1,1,1,1,0,1,NA,1,1,1,1,1,0,0,1,1,1,1,0.5,0.5,0.5,1,1,1,1,1,1,1,1,1,1,1,1,1,1,1,1,1,1,1,1,1,1,1,1,1,1,1,1,1,1,1,1,1,1,1,1,1,1,1,1,1,1,1,1,1,1,1,1,1,1,1,1,1,1,1,1,1,1,1,1,1,1,1,1,1,1,1,1,1,1,1,1,1,1,1,1,1,1,1,1,1,1,1,1,1,1,1,1,1,1,1,1,1,1,1,1,1,0.5,1,0,1,1,1,1,1,1,1,1,1,1,1,1,1,1,1,1,1,1,1,1,1,1,1,1,1,1,1
"RAP1198_monticola_B",0.5,0.5,NA,1,1,NA,0.5,1,1,1,1,1,0,1,1,1,1,1,1,1,1,1,1,1,1,1,1,0.5,0.5,1,1,1,1,1,0,1,1,1,1,1,1,1,1,1,1,1,1,1,1,0.5,1,1,1,1,1,1,1,1,1,1,1,1,1,1,1,1,1,1,1,1,1,1,1,1,1,1,1,1,1,1,1,1,1,1,1,1,1,1,1,1,1,1,1,0.5,1,1,1,1,1,1,1,1,1,1,1,1,1,1,1,1,1,1,1,1,1,1,1,1,1,1,1,1,1,1,1,1,1,1,1,1,1,1,1,1,1,1,1,1,0,1,1,1,1,1,1,1,1,1,1,1,1,1,1,1,1,1,1,1,1,0.5,1,1,1,1,1,1,NA,1,1,1,1,1,1,1,NA,NA,1,1,1,NA,NA,NA,NA,NA,NA,1,1,1,1,1,1,1,1,1,1,1,1,1,1,1,1,1,1,1,1,1,1,1,1,1,1,1,1,1,1,1,1,1,1,1,1,1,1,0.5,0.5,0.5,1,1,1,1,1,1,1,1,1,1,1,1,1,1,1,1,1,1,1,1,1,1,1,1,NA,1,1,1,1,1,1,1,1,1,1,1,1,1,1,1,1,1,1,1,1,1,1,1,1,1,1,1,1,1,0,1,1,1,1,1,1,1,1,1,1,1,1,1,1,1,1,1,1,1,1,1,1,1,1,1,1,0.5,1,NA
"RAP1199_monticola_B",1,0.5,NA,1,0.5,0.5,1,1,1,1,1,1,0.5,1,1,1,1,1,1,1,1,1,1,1,1,1,1,0.5,1,1,1,1,1,1,1,1,1,1,1,1,1,1,1,1,0.5,1,1,1,1,0.5,1,1,1,1,1,1,1,1,1,1,1,1,1,1,1,1,1,1,1,1,NA,NA,NA,1,1,1,1,1,1,1,1,1,1,1,1,1,1,1,1,1,1,1,1,0.5,1,1,1,1,1,1,1,NA,1,1,1,1,1,1,1,1,1,1,1,1,1,1,1,1,1,1,1,1,1,NA,1,1,NA,1,1,1,1,1,1,1,1,1,1,1,0.5,1,1,0.5,1,1,1,1,1,1,1,1,1,1,1,1,1,1,1,1,1,0.5,1,1,1,1,1,1,0.5,1,NA,1,1,1,1,1,0,0,1,1,1,1,0.5,0.5,0.5,1,1,1,1,1,1,1,1,1,1,1,1,1,1,1,NA,NA,NA,NA,NA,NA,1,1,1,1,1,1,1,1,1,1,1,1,1,1,1,1,1,1,1,1,1,1,1,1,1,1,1,1,1,1,1,1,1,1,1,1,1,1,1,1,1,1,1,1,1,1,1,1,1,1,1,1,1,1,1,1,1,1,1,1,1,1,1,1,1,1,1,1,1,1,1,1,1,1,1,1,1,1,0,1,1,1,1,1,1,1,1,1,1,1,1,1,1,1,1,1,1,1,1,1,1,1,1,0.5,1,1
"RAP1203_monticola_B",NA,0.5,1,1,0.5,0.5,0.5,NA,1,1,1,1,0,1,1,1,1,1,1,1,1,1,1,1,1,1,1,0.5,0.5,1,1,1,1,1,1,1,1,1,1,1,1,1,1,1,NA,1,1,1,1,1,1,1,1,1,1,1,1,1,1,1,1,1,1,1,1,1,1,1,1,1,1,1,1,1,1,1,1,1,1,1,1,1,1,1,1,1,1,1,1,1,1,1,1,0.5,1,1,1,1,1,1,1,1,1,1,1,1,1,1,0.5,1,1,1,NA,1,1,1,1,1,1,1,1,1,1,1,1,1,1,1,1,1,1,1,1,1,1,1,1,1,1,1,1,1,1,1,1,1,1,1,1,1,1,1,1,1,1,1,1,1,1,NA,1,1,1,1,1,1,0,1,1,1,1,1,1,1,1,1,0.5,0.5,1,1,0.5,0.5,0.5,1,1,1,1,1,1,1,1,1,1,1,1,1,1,1,1,1,1,1,1,1,1,1,1,1,1,1,1,1,1,1,1,1,1,1,1,1,1,1,1,1,1,1,1,1,1,1,1,1,1,1,1,1,1,1,1,1,1,1,1,1,1,1,1,1,1,1,1,1,1,1,1,1,1,1,1,1,1,1,1,1,1,1,1,1,1,0.5,1,1,1,1,1,1,NA,NA,NA,1,1,1,0,1,1,1,1,1,1,1,1,1,1,1,1,1,1,1,1,1,1,1,1,1,NA,1,NA,1,1,1
"RAP1258_monticola_B",1,0.5,1,1,0.5,0.5,1,1,1,1,1,1,NA,1,1,1,1,1,1,1,1,1,1,1,1,1,1,0,0.5,1,1,1,1,1,1,1,1,1,1,1,1,1,1,1,1,NA,1,1,1,1,1,1,1,1,1,1,1,1,1,1,1,1,1,1,1,1,1,1,1,1,1,1,1,1,1,1,1,1,1,1,1,1,1,1,1,1,1,1,1,1,1,1,1,1,1,1,1,1,1,1,1,1,1,1,1,1,1,1,0.5,1,1,1,1,1,1,1,1,1,1,1,0.5,0.5,1,0.5,1,1,0.5,1,1,1,1,1,1,1,1,1,1,1,1,NA,1,1,1,1,1,1,1,1,1,1,1,1,1,1,1,1,1,1,1,1,1,1,1,1,1,1,0,1,1,1,1,1,1,1,0.5,0.5,0.5,0.5,1,1,1,1,1,1,1,1,1,1,1,1,1,NA,1,1,1,1,1,1,1,1,1,1,1,1,1,1,1,1,1,1,1,1,1,1,1,1,NA,1,1,1,1,1,1,0.5,0.5,0.5,1,1,1,1,NA,1,NA,1,1,1,1,1,1,1,1,1,1,1,1,1,1,1,1,1,1,1,1,1,1,1,1,1,1,1,1,1,1,1,1,1,1,1,1,1,1,1,1,1,1,1,1,1,1,1,1,1,0,1,1,1,1,1,1,1,1,1,1,1,1,1,1,1,1,1,1,1,1,1,1,1,1,1,1,1
"RAP1277_monticola_B",1,0.5,1,1,1,0.5,1,1,1,1,1,1,NA,1,1,1,1,1,1,1,1,1,1,1,1,1,1,0.5,1,1,1,1,1,0,1,1,1,1,1,1,1,1,1,NA,1,1,1,1,1,1,1,1,1,1,0.5,1,1,1,1,1,1,1,1,1,1,1,1,1,1,1,1,1,1,1,1,1,1,1,1,1,1,1,1,1,1,1,1,1,1,1,1,1,1,1,1,1,1,1,1,1,1,1,1,1,1,1,1,1,0.5,1,1,1,1,1,1,1,1,1,1,1,1,1,1,1,1,1,1,1,1,1,1,1,1,1,1,1,1,1,1,0.5,1,1,1,1,1,1,1,1,1,1,1,1,1,1,1,1,1,1,1,1,1,1,1,1,1,1,0,1,1,0.5,1,1,1,1,0.5,0.5,0.5,0.5,1,1,0.5,0.5,0.5,1,1,1,1,1,1,1,1,0.5,1,1,1,1,1,1,1,1,1,1,1,1,1,1,1,1,1,1,1,1,1,1,1,1,1,1,1,1,1,1,1,0.5,0.5,0.5,1,1,1,1,1,1,1,1,1,1,1,1,1,1,1,1,1,1,1,1,1,1,1,1,1,1,1,1,1,1,1,1,1,1,1,1,1,1,1,1,1,1,1,0.5,1,1,1,1,1,1,NA,NA,NA,1,1,1,0,1,1,1,1,1,1,1,1,1,1,1,1,1,1,1,1,1,1,1,1,1,1,1,1,1,NA,1
"RAP1283_monticola_B",1,0.5,1,1,0.5,0.5,0,1,1,NA,1,1,1,1,1,1,1,1,1,1,1,1,1,1,1,1,1,0,0.5,1,1,1,1,1,1,1,1,1,1,1,1,1,1,1,1,1,1,1,1,1,1,1,1,0.5,1,1,1,1,1,1,1,1,1,1,1,NA,1,1,1,1,1,1,1,1,1,1,1,1,1,1,0.5,1,1,1,1,1,0.5,0.5,0.5,0.5,0.5,1,1,1,1,1,1,1,1,1,1,1,1,1,1,1,1,1,0.5,NA,1,1,1,1,1,1,1,1,1,1,1,1,1,0.5,1,1,0.5,1,1,1,1,1,1,1,1,1,1,1,1,NA,1,1,1,1,1,NA,NA,1,1,1,1,1,1,1,1,1,1,1,1,1,1,1,1,1,1,1,0,1,1,0.5,1,1,1,1,1,1,0.5,0.5,1,NA,NA,NA,NA,NA,NA,1,1,1,1,1,1,1,1,1,1,1,1,1,1,1,1,1,1,1,1,1,1,1,1,1,1,1,1,1,1,1,1,1,1,1,NA,0.5,1,NA,NA,NA,1,1,1,1,1,1,1,1,1,1,1,1,1,1,1,1,1,1,1,1,1,1,1,1,1,1,1,1,1,1,1,1,1,1,1,1,1,1,1,1,1,1,1,1,1,1,1,1,1,1,1,1,1,1,1,1,0,1,1,1,1,1,1,1,1,1,1,1,1,1,1,1,1,1,1,1,1,1,1,1,1,NA,1,1
"RAP1298_monticola_B",1,0.5,1,1,1,0.5,0.5,1,1,0,0.5,0.5,0,1,1,1,1,1,1,1,1,1,1,1,1,1,1,0.5,0.5,1,1,0.5,0.5,1,1,NA,1,1,1,1,1,1,1,1,1,1,1,1,1,1,1,1,1,0.5,1,1,1,1,1,1,1,1,1,1,1,1,1,1,1,1,1,1,1,1,1,1,1,1,1,1,0,1,1,1,1,1,0.5,0.5,0.5,0.5,0.5,0.5,1,NA,1,1,1,1,1,1,1,1,1,1,1,0,1,1,0.5,1,1,1,1,1,1,1,1,0.5,1,1,1,1,1,0.5,0.5,1,0.5,1,1,1,1,1,1,1,1,1,1,1,1,1,1,1,1,1,1,1,1,1,1,1,1,1,0.5,1,1,1,1,1,1,1,1,1,1,1,1,1,0,1,1,0.5,1,1,1,1,0.5,0.5,0.5,0.5,1,NA,NA,NA,NA,NA,NA,1,1,1,1,0.5,0.5,0.5,1,1,1,1,1,1,1,1,1,1,1,1,1,1,1,1,1,1,1,1,1,1,1,1,1,1,1,1,1,1,1,0.5,0.5,0.5,1,1,1,1,1,1,1,1,1,1,1,1,1,1,1,1,1,1,1,1,1,1,1,1,1,1,1,1,1,1,1,1,1,1,1,1,1,1,1,1,1,1,0.5,0.5,0.5,0.5,0.5,0.5,1,0.5,1,1,1,1,1,1,0,1,1,1,0,1,1,1,0,1,1,1,1,1,1,1,1,1,1,1,1,1,1,1,1,NA,1,1
"RAP1326_monticola_B",1,0.5,1,1,1,0.5,1,0.5,NA,1,0.5,0.5,0,1,NA,1,NA,NA,NA,1,1,1,1,1,NA,NA,NA,0,1,1,1,0.5,0.5,1,1,1,1,1,1,1,1,1,1,1,1,1,1,1,1,1,1,1,1,1,NA,1,1,1,1,1,1,1,1,1,1,1,1,1,1,1,1,1,1,1,1,1,1,1,1,1,0.5,1,1,1,1,1,1,1,1,1,1,0.5,NA,1,1,1,1,1,1,1,1,1,1,1,1,0,1,1,1,NA,1,1,1,1,1,1,1,0.5,1,1,1,1,1,NA,1,1,NA,1,1,1,1,1,1,1,1,1,NA,1,0.5,1,1,1,1,1,1,1,1,1,1,1,1,1,0.5,1,1,1,1,1,1,1,1,1,1,1,1,1,0,1,1,0.5,1,1,1,1,0.5,0.5,0.5,0.5,1,1,0.5,0.5,0.5,1,1,1,1,0.5,1,0.5,0.5,0.5,1,1,1,1,1,1,1,1,1,1,1,1,1,1,1,1,1,1,1,1,1,1,1,1,1,1,1,1,1,1,1,1,1,1,1,1,1,1,1,1,1,1,1,1,1,1,1,1,1,1,1,1,1,1,1,1,1,1,1,1,1,1,1,1,1,1,1,1,1,1,1,1,1,1,1,1,0.5,0.5,0.5,0.5,0.5,0.5,1,0.5,1,1,1,NA,NA,NA,NA,1,1,1,0,1,1,1,0,1,1,1,1,1,1,1,1,1,1,1,1,1,NA,1,1,NA,0.5,1
"RAP1334_monticola_B",1,0.5,1,1,1,0.5,1,1,1,0,1,1,0,NA,NA,NA,NA,NA,NA,NA,NA,NA,NA,NA,NA,NA,NA,0,1,1,1,1,1,1,1,1,0.5,0.5,0.5,1,1,1,1,1,0.5,0.5,1,1,1,1,1,1,0.5,0.5,0.5,1,1,NA,1,1,1,1,1,1,1,1,1,1,NA,NA,1,1,1,1,1,1,1,1,1,1,0,1,1,1,1,1,NA,NA,NA,NA,NA,NA,1,NA,1,1,1,1,1,1,1,1,1,1,1,0,1,1,0.5,1,1,1,1,1,1,1,1,1,0.5,0.5,1,1,1,1,1,1,1,1,1,1,1,1,1,1,1,1,1,1,0.5,1,NA,NA,0.5,1,1,1,1,1,1,1,1,1,1,1,1,1,1,1,1,1,1,1,1,1,1,1,0,1,1,0.5,1,1,1,1,1,1,0.5,0.5,1,1,0.5,0.5,NA,1,1,1,1,1,1,1,1,0.5,1,1,1,1,1,1,1,1,1,1,1,1,1,1,1,1,1,1,1,1,1,1,1,1,1,1,1,0.5,1,1,1,0.5,0.5,0.5,1,1,1,1,1,1,1,1,1,1,1,1,1,1,1,1,1,1,1,1,0.5,1,1,1,1,1,1,1,1,1,1,1,0.5,1,1,1,1,1,1,1,1,1,NA,NA,NA,NA,NA,NA,NA,NA,NA,NA,NA,1,1,1,0,1,1,0,0,1,1,1,0,1,1,1,1,1,1,1,1,1,1,1,1,1,1,1,1,1,0.5,1
"RAP1361_monticola_C",0.5,1,1,0.5,1,1,1,0.5,0.5,0,0,1,0.5,NA,NA,NA,NA,NA,NA,NA,NA,NA,NA,NA,NA,NA,NA,0,0.5,1,NA,0,0.5,1,1,0.5,0.5,0.5,0.5,1,1,1,0.5,NA,0,0,0,1,0,1,1,NA,0.5,1,0.5,1,1,0,0,0,0,1,0.5,0.5,0,1,0.5,1,0.5,0.5,NA,NA,NA,0,1,1,1,1,0,1,1,1,1,1,1,1,1,NA,1,1,1,1,0.5,0,0,1,0,1,1,1,1,1,0.5,NA,0.5,0,0,0.5,0,0,0.5,0.5,0,0,0,1,1,0.5,0,0,1,1,1,0,0,NA,0,1,1,0.5,0,NA,NA,NA,NA,NA,1,1,NA,0,1,1,0,0.5,1,1,1,1,1,1,1,0.5,1,0.5,0.5,NA,0.5,0.5,0.5,1,0,0,0,0,NA,0,NA,1,NA,0.5,NA,NA,NA,NA,0.5,0,0,0,0.5,0,0,0,0,1,1,1,0.5,1,1,0,0,1,1,1,1,1,1,1,1,1,0,1,1,0,NA,NA,1,1,0,0,0,0,1,1,0,0,0.5,1,1,0.5,0.5,1,0.5,0.5,0.5,0.5,0.5,0.5,1,1,1,0,1,1,0,0,0,0,0,0,0,0,0,0,0,0,0,0,0,0,0,0,0,1,1,0,1,1,1,1,1,1,NA,NA,1,0.5,1,1,0,1,0,0,0,0,1,0,1,1,1,1,0,1,0,0,1,1,0,1,1,1,0,1,1,1,1,0,0,1,1,1,1,1,1,1,1,1,1,1,1,0
"RAP1380_monticola_B",0.5,1,1,1,1,0.5,1,NA,1,0.5,0.5,1,NA,1,1,1,1,1,1,1,1,1,1,1,1,1,1,1,1,1,NA,0.5,0.5,NA,1,1,NA,NA,NA,1,1,1,0.5,1,0.5,0.5,1,0.5,1,1,NA,1,NA,1,1,1,1,1,NA,NA,NA,NA,NA,NA,NA,1,1,1,0.5,0.5,1,1,1,1,1,1,1,0.5,1,1,1,1,1,1,1,1,1,1,1,1,1,1,NA,0,NA,NA,NA,NA,1,1,1,1,1,1,0.5,0,0.5,1,0.5,NA,1,1,1,0.5,1,1,0.5,1,1,1,1,1,1,0.5,0.5,0.5,0.5,0.5,1,1,NA,0.5,1,1,1,1,1,1,1,0.5,1,1,0.5,0.5,1,1,1,1,0.5,1,1,1,1,NA,NA,NA,1,1,1,1,NA,NA,NA,NA,NA,NA,1,1,NA,0,1,1,0.5,0.5,0.5,0,0,0,1,1,0,0,0,1,0.5,1,1,NA,NA,NA,NA,NA,1,1,1,1,1,1,0.5,1,1,1,1,1,1,NA,0,0,1,1,1,1,1,1,1,1,1,1,1,0,1,1,1,1,1,1,1,1,1,1,1,1,1,1,1,1,0,0,0,0,0,0,0,1,0,0,0,0,1,0,1,1,1,NA,1,1,0,1,1,1,1,1,1,0,1,1,1,1,1,0.5,1,1,NA,1,1,1,1,1,1,1,0,1,0,1,1,1,0,1,1,1,0,1,1,1,1,1,1,1,1,1,1,1,1,1,1,1,1,1,1,NA
"RAP1383_monticola_B",1,1,1,1,NA,0.5,NA,NA,NA,0,0,1,0,0,0,0,0,0,0,0,0,0,0,0,0,0,0,1,1,1,1,0,0.5,1,1,0.5,NA,NA,NA,1,1,1,0.5,1,0.5,0.5,1,0.5,1,NA,1,1,0,1,1,1,1,1,1,1,1,0,NA,NA,NA,NA,1,1,0,0,NA,NA,NA,1,1,1,1,1,1,1,1,1,1,1,1,1,1,1,1,1,1,1,NA,0,0,0,0,1,1,NA,NA,NA,1,1,0.5,0,0.5,NA,NA,1,1,1,1,0,1,1,1,1,1,1,1,1,0.5,0.5,0.5,1,0.5,1,1,1,1,1,1,1,1,1,1,1,1,NA,1,1,NA,0.5,1,NA,NA,1,1,1,1,1,1,0.5,0.5,1,1,1,1,1,NA,NA,NA,NA,NA,NA,NA,1,1,NA,1,1,1,1,NA,NA,0.5,0,1,1,0,0,0,1,0,1,1,1,NA,0,0,1,NA,1,1,1,1,1,0,1,1,1,1,1,NA,1,0,0,1,1,1,1,1,1,1,1,0.5,1,1,NA,1,1,1,0.5,0.5,0.5,1,1,1,1,1,1,1,1,1,1,0,0,0,0,0,0,0,1,0,0,0,0,1,0,0,0,1,0,1,1,1,0,1,1,1,1,1,NA,1,1,1,1,0,0,0,0,0,0,1,0,1,1,1,1,0,1,0,1,1,1,0,1,1,1,0,1,1,1,1,1,1,1,1,1,1,1,1,1,1,1,1,1,1,NA
"RAP1427_monticola_B",NA,NA,1,1,0,NA,1,1,1,1,1,1,NA,1,1,1,1,1,1,1,1,1,1,1,1,1,1,0.5,1,NA,1,1,1,NA,0.5,0.5,NA,NA,NA,1,1,1,1,NA,NA,1,1,1,1,1,1,1,NA,1,0,1,1,1,1,1,1,1,1,1,1,1,1,1,1,1,1,1,1,1,1,1,1,NA,NA,NA,NA,NA,NA,NA,NA,NA,NA,NA,NA,NA,NA,NA,NA,0.5,NA,NA,NA,NA,NA,NA,NA,NA,1,NA,1,1,1,1,1,1,1,1,NA,1,1,1,1,1,1,1,NA,NA,1,1,1,1,1,1,NA,1,NA,1,1,1,1,1,1,1,NA,1,NA,NA,1,1,1,1,1,1,1,1,1,1,1,1,1,1,NA,NA,1,0.5,1,1,1,1,1,1,0,NA,1,NA,1,1,1,1,0,0,NA,NA,NA,NA,NA,NA,NA,NA,NA,NA,1,1,1,1,1,1,1,1,1,1,1,1,NA,NA,NA,NA,NA,NA,NA,1,1,1,1,1,1,1,1,1,1,1,NA,1,1,NA,NA,NA,1,1,1,1,1,1,1,1,1,1,1,1,1,1,1,1,1,1,1,1,1,1,1,1,1,1,1,1,1,1,1,1,1,1,1,1,1,NA,NA,NA,NA,NA,1,1,1,1,1,1,1,1,1,1,1,1,1,1,1,1,0.5,1,0.5,1,1,1,1,1,1,1,1,1,1,1,1,1,1,1,1,1,1,1,1,1,NA,1,1,1,NA,NA
"RAP1440_monticola_B",1,0.5,NA,1,NA,0,0,1,1,1,1,1,0,1,1,1,1,1,1,1,1,1,1,1,1,1,1,0,0.5,1,1,1,1,1,0,1,1,1,1,1,1,1,1,NA,1,1,1,1,1,0.5,1,1,1,1,1,1,1,1,1,1,1,1,1,1,1,1,1,1,0.5,0.5,1,1,1,1,1,1,1,1,NA,NA,NA,NA,NA,NA,NA,NA,NA,NA,NA,NA,NA,NA,1,1,1,1,1,1,1,1,1,1,1,1,1,1,1,1,1,1,1,1,1,1,1,1,1,1,1,1,1,1,1,1,1,1,1,1,1,1,1,1,1,1,1,1,1,1,0,1,1,NA,1,1,1,1,1,1,1,1,1,1,1,1,1,1,1,1,1,0.5,1,1,1,1,1,1,0,1,NA,1,1,1,1,1,0,0,1,1,1,1,0.5,0.5,0.5,1,1,1,1,1,1,1,1,1,1,1,1,1,1,1,1,1,1,1,1,1,1,1,1,1,1,1,1,1,1,1,1,1,1,1,1,1,1,1,1,NA,NA,NA,1,1,1,1,1,1,1,1,1,1,NA,NA,NA,NA,NA,NA,NA,NA,NA,NA,NA,NA,NA,NA,1,1,1,1,1,1,1,1,1,1,1,1,1,1,1,1,1,1,1,1,1,1,1,1,1,1,NA,NA,NA,1,0,1,0.5,1,1,1,1,1,1,1,1,1,1,1,1,1,1,1,1,1,1,1,1,1,1,1,1,0.5,1,1
"RAP1451_monticola_B",0.5,1,1,1,1,0.5,0.5,1,1,1,1,1,0,1,1,1,1,1,1,1,1,1,1,1,1,1,1,0.5,1,1,1,1,1,1,0,1,1,1,1,1,1,1,1,1,1,1,1,1,1,0.5,1,1,1,1,1,1,1,1,1,1,1,1,1,1,1,1,1,1,NA,NA,1,1,1,1,1,1,1,1,1,1,1,1,1,1,1,1,1,1,1,1,1,1,1,0.5,1,1,1,1,1,1,1,1,1,1,1,1,1,1,0.5,1,1,1,1,1,1,1,1,1,1,1,1,1,1,1,1,1,1,1,1,1,1,1,1,1,1,1,1,1,0.5,1,1,1,1,1,1,1,1,1,1,1,1,1,1,1,1,1,1,1,1,0.5,1,1,1,1,1,1,0,1,1,1,1,1,1,1,0,0,1,1,1,1,0.5,0.5,0.5,1,1,1,1,1,1,1,1,1,1,1,1,1,1,1,1,1,1,1,1,1,1,1,1,1,1,1,1,1,1,1,1,1,1,1,1,1,1,1,1,1,1,1,1,1,1,1,1,1,1,1,1,1,1,1,1,1,1,1,1,1,1,1,1,1,1,1,1,1,1,1,1,1,1,1,1,1,1,1,1,1,1,1,1,1,1,1,1,1,1,1,1,1,1,1,1,1,0,1,0.5,1,1,1,1,1,1,1,1,1,1,1,1,1,1,1,1,1,1,1,1,1,1,1,1,0,1,1
